text,label,predicted_label,predicted_probability,prob_negative,prob_neutral,prob_positive
android marshmallow <number> . <number> . <number> won't let me log on the by existing account just keeps saying setting up bbm please fix,negative,negative,0.7961638569831848,0.79616386,0.1770996,0.026736474
map animation stopped working,negative,negative,0.7393280267715454,0.739328,0.21761939,0.043052584
"good, but slow workflow.",positive,neutral,0.7296920418739319,0.04056304,0.72969204,0.22974499
nice app to use with friends,neutral,positive,0.7034387588500977,0.027988438,0.2685728,0.70343876
"i love this app, but i wish they had more outfit selections for maternity. other than that it's pretty awesome.",positive,positive,0.6701147556304932,0.026474273,0.303411,0.67011476
radar in motion won't work.,negative,negative,0.9105548858642578,0.9105549,0.07643254,0.0130125135
only opened <number> st <number> th pages of <url>,negative,negative,0.565635085105896,0.5656351,0.35828185,0.07608302
when i was being rained on it said no rain in your <url> it is still a good weather app.,neutral,neutral,0.5407842397689819,0.088427246,0.54078424,0.3707885
everthing is tought before its use,neutral,negative,0.571365475654602,0.5713655,0.36694735,0.061687108
good content. worth downloading,neutral,positive,0.6628047227859497,0.02574268,0.31145254,0.6628047
"it's a great and fun app for emoji use, i like the customization. but there needs to be more clothing and style options. i feel like there needs to be styles with clothing and hair, such as punk, goth, rocker, traditional, futuristic, fairy, and many more. other than wanting more styles to choose from this app is great",positive,positive,0.6553297638893127,0.024518836,0.32015142,0.65532976
"wow, this is a terrible app. no open dialog or page goto. i had expected better from an actual adobe app.",negative,negative,0.9177351593971252,0.91773516,0.068358384,0.0139063895
i m fed of this <url> has posted it add every where,negative,neutral,0.441986620426178,0.3445063,0.44198662,0.21350703
it is very usefull browser,positive,positive,0.6277838349342346,0.0325601,0.33965603,0.62778383
its a bit slow vs thinking office and also text anti aliasing is bad,neutral,neutral,0.6354606747627258,0.2703815,0.6354607,0.09415783
"it was great for me and the owner was very nice to us.,but the price change when i pay from <number> to <number>",neutral,neutral,0.5797498226165771,0.06329133,0.5797498,0.35695878
provide some good <url> the only bad thing about this app is lack of good <url> hope you make it <url>,neutral,neutral,0.6570418477058411,0.08061557,0.65704185,0.26234266
problem with saving large photos plz fix ir,neutral,neutral,0.6555618643760681,0.21215867,0.65556186,0.1322795
its a good app but we dont have a night mode option for reading in which the background becomes black and text becomes white in color.,positive,neutral,0.7474845051765442,0.03903718,0.7474845,0.2134783
i hate the new version of bbm,negative,negative,0.8598048686981201,0.85980487,0.1189654,0.021229697
is an interesting app to use.,positive,positive,0.7266895771026611,0.032149248,0.2411612,0.7266896
"used to be great. now lots of issues with network. i keep getting no network errors, as failed to update errors even when signal is great, or i'm connected to my wi-fi at home.",neutral,negative,0.5803333520889282,0.58033335,0.36056885,0.05909774
it always has me in virginia and i live in florida,neutral,positive,0.5558897852897644,0.12671173,0.31739846,0.5558898
it is the very good ape to any one download,positive,positive,0.6378964185714722,0.03201344,0.3300901,0.6378964
not up to the mark,neutral,neutral,0.509768545627594,0.4215412,0.50976855,0.06869021
useless boring it's of no use now days just like mxit,negative,negative,0.8369492292404175,0.8369492,0.14153834,0.021512475
very easy to use,positive,positive,0.6450580954551697,0.032014433,0.3229275,0.6450581
worst upadate this update dont respond whenever i access my download section so hated it.,negative,negative,0.922421395778656,0.9224214,0.06533554,0.012243066
i have lots of state that i watch. my home town will not show what it feels like. all the others do. i have tried a few different things and it won't work. don't understand but it is important to me to know how cold it feels out. i can go to hourly and it tells me but should not have to! i'm uninstalling!,neutral,negative,0.8555774092674255,0.8555774,0.12555426,0.018868348
better and more accurate then most other weather apps.,positive,positive,0.6131203174591064,0.033823572,0.3530561,0.6131203
fun!!! just wish i could make one of my bf.,neutral,positive,0.7332534193992615,0.038769502,0.22797711,0.7332534
worthless does not open password protected pdf as stated,negative,negative,0.8470521569252014,0.84705216,0.13137822,0.021569654
shoddy ui and keeps logging me out,negative,negative,0.5764464735984802,0.5764465,0.3648328,0.058720738
"very accurate, which is important! how about a <number> x <number> widget?",positive,positive,0.5115237832069397,0.051882472,0.43659377,0.5115238
i like the set up.,positive,positive,0.721109926700592,0.029612103,0.24927798,0.7211099
"looks interesting at initial install, however the advertisement photos and the camera lay out are different to my install on a samsung galaxy note <number> . missing too many features compared to the full pc. version, particularly tagging and indexing. camera is not as good as the original camera being on the dark side. a nice app. however adds not enough to warrant keeping. perhaps in the future updates. most notably is missing the side by side photo comparison which was the main reason for installation.",neutral,neutral,0.6890178918838501,0.06395051,0.6890179,0.24703166
nexus <number> and samsung s <number>,positive,neutral,0.4368111193180084,0.36352247,0.43681112,0.19966641
"crashing. app crashes and freezes constantly. on htc one m <number> , and the app is completely broken.",negative,negative,0.9080606698989868,0.90806067,0.07714626,0.014793128
plz provide watermarking <url>,positive,neutral,0.5233152508735657,0.14121245,0.52331525,0.33547232
u can download all movies in any language at movie <url> it okkk,neutral,neutral,0.6834054589271545,0.20452526,0.68340546,0.11206924
pls add more features for android like iphone features,neutral,neutral,0.5657188892364502,0.062507465,0.5657189,0.37177363
nice app but when i taking picture with this app i have little problem here the range have limited only <number> - <number> meter even i set focus to infinity still can't get to it. i shoot with pro mode <url> you can fix that it will be <url>,neutral,neutral,0.6267256140708923,0.06501027,0.6267256,0.30826405
it's not a web browser. it's an ad browser,negative,negative,0.6019914746284485,0.6019915,0.35693482,0.041073684
a lot of a bug here,negative,neutral,0.4514305591583252,0.42629448,0.45143056,0.12227504
shame forest starts again every day would be nice to build a huge forest like monthly or so,positive,neutral,0.5963963270187378,0.2059178,0.5963963,0.19768585
"this app is so fun! my friends and family love exchanging silly bitmojis in our texts. the only reason why i gave it <number> stars is because i wish there was a way for your to organize the bitmojis, so you can quickly access certain ones instead of having to scroll through them or search. also, the outfits are pretty awful. they need a little more fashion. lol however, the art and creativity in the bitmojis are terrific!",positive,positive,0.523061990737915,0.06995947,0.40697855,0.523062
i love it but we need video support!,neutral,positive,0.5620891451835632,0.048765134,0.3891457,0.56208915
the app is is good but,neutral,neutral,0.7121381163597107,0.03621804,0.7121381,0.25164384
it is taking forever to load. never had this issue before. just started a few weeks ago,neutral,negative,0.49219849705696106,0.4921985,0.4249792,0.082822345
map stopped animating over a week ago on my samsung galaxy s <number> . please fix. used to be the <signature>,negative,negative,0.628262460231781,0.62826246,0.30816787,0.06356963
"it definitely helps me stay focused and off my phone. the one complaint i have is that when i have my phone on silent/vibrate, when i plant a tree my phone goes into standard/sounds on mode. i don't like that at all, i have it on silent for a reason.",positive,positive,0.5013552308082581,0.037146214,0.46149856,0.50135523
one   for doing this nasty ios port,negative,negative,0.896660327911377,0.8966603,0.0879253,0.0154143125
unmounted my sd card,negative,negative,0.8490459322929382,0.84904593,0.1283551,0.022598883
why can i not delete saved locations? and ive read thtough it many times and dont see anyway at all to delte previously saved locations!!? im going to have to uninstall the app and then reinstall it to reset this location deleting issue u have!?!???,neutral,negative,0.7163665890693665,0.7163666,0.24978358,0.033849876
"lacks capability to browse for local file. no goto page option, <number> page documents impossible to read. no 'bookmark' to save <url> apps avail",negative,negative,0.5175302028656006,0.5175302,0.42696455,0.05550523
bbm is easy to use and simple way for chating to my friends and <url> !,neutral,positive,0.6517669558525085,0.032240096,0.31599292,0.65176696
make it better please,positive,neutral,0.6389185190200806,0.062027942,0.6389185,0.2990535
"i liked the game as well as the concept. it would be better if it gave a sort of buzzer when time was up, and if you could add some personalization.",positive,positive,0.603775143623352,0.047504418,0.34872046,0.60377514
"useful app nice app for opening documents, no adverts,easy to use and doesn't need a lot of experience",positive,neutral,0.6982596516609192,0.0724839,0.69825965,0.22925644
easy to book and great choice and information.,positive,positive,0.7649165391921997,0.026191099,0.20889236,0.76491654
never trust earth networks again,negative,negative,0.7406507134437561,0.7406507,0.21139716,0.04795203
what happened to the elite version i paid for?,negative,negative,0.876089870929718,0.8760899,0.10479862,0.019111495
lots of problems with the map,neutral,neutral,0.5985689759254456,0.2374976,0.598569,0.16393344
simple and easy to use,positive,positive,0.7084560990333557,0.026406154,0.2651378,0.7084561
"enjoyed the app until the <url> then the ticker quit <url> the pop up ads in the ticker are annoying. when you get all that shut off in settings, it works great!",positive,positive,0.584377110004425,0.052327257,0.3632956,0.5843771
radar does not work. will not stay on my home city.,negative,negative,0.9144306182861328,0.9144306,0.072014794,0.013554536
it would be nice if it was in different languages.,neutral,neutral,0.6009612083435059,0.028839463,0.6009612,0.37019932
some tools can be available and improved without having to open an account or sign in each time like with drive but in general is pretty useful and have good features also please create the bin icon instead of the <number> dots and once you choose a file you can't delete only if you go back,positive,neutral,0.5064963698387146,0.028361406,0.50649637,0.46514228
"i love it! however, i do a lot of work on my phone and so i would like an option to run the app while using my phone, without it killing a tree!",positive,positive,0.6725013256072998,0.04320396,0.2842947,0.6725013
good app easy to use. the lens correction function doesn't seem to work though. but maybe i am unaware of how it's supposed to work.,positive,neutral,0.6719725131988525,0.05120253,0.6719725,0.27682495
there should be feature by which we can see who saw my message in a group and who doesn't. like we have in what's app,positive,neutral,0.6114334464073181,0.054946844,0.61143345,0.33361977
"can we get this to, somehow, plant an actual tree? say, for a certain amount of trees grown succesfully a tree gets planted at some forest in need.",negative,neutral,0.6127921938896179,0.11552333,0.6127922,0.27168444
contains alot of ads,positive,neutral,0.539890468120575,0.29123336,0.53989047,0.16887623
can't search area,negative,neutral,0.4585479199886322,0.4494708,0.45854792,0.09198126
good app for team communications,positive,positive,0.6448002457618713,0.026352052,0.3288477,0.64480025
stopped showing up in my status bar,neutral,negative,0.5361385941505432,0.5361386,0.32977745,0.13408399
use it for studying,positive,positive,0.5981348156929016,0.04642904,0.35543618,0.5981348
too much ads i dont want uc news stop showing me ads to download uc news,negative,negative,0.48983433842658997,0.48983434,0.44485307,0.065312594
installed this app on my zt <number> tablet but wont work annoying!,negative,negative,0.866371750831604,0.86637175,0.11708703,0.01654127
the tree does not die no matter which app i <url> i have tried every setting possible but it doesnot <url>,negative,neutral,0.5280060172080994,0.3418652,0.528006,0.13012873
i love  this app,positive,positive,0.7098275423049927,0.081445955,0.20872647,0.70982754
need to have female and males,neutral,neutral,0.6458844542503357,0.16762026,0.64588445,0.18649521
add tick tick clock sound in it,positive,positive,0.4935562312602997,0.052248914,0.45419487,0.49355623
the radar won't work with samsung galaxy s <number> . so lame,negative,negative,0.9047393798828125,0.9047394,0.082228,0.013032528
great app. and loads pdf docs faster than many other apps,positive,positive,0.6730501055717468,0.04087857,0.2860713,0.6730501
"fun app! wish i could draw some added details, but fun anyway.",positive,positive,0.5094382166862488,0.026579816,0.46398196,0.5094382
pretty cool app to have.,positive,positive,0.6737615466117859,0.02537005,0.30086842,0.67376155
"clumsy auto-import, but great overall",positive,neutral,0.594301164150238,0.05044129,0.59430116,0.3552575
useless without raw support,negative,negative,0.892566442489624,0.89256644,0.092036374,0.015397121
tried to use it for my team at work but they just wanted to use the whatsapp groups they currently do which is basically the same thing.,neutral,neutral,0.53239506483078,0.30899456,0.53239506,0.15861033
i think this a smart browser but opera mini fast then uc but good effort by devolpers,positive,neutral,0.5670490264892578,0.035286,0.567049,0.3976649
i am facing problem while using it needed to work on user interface its getting slow and hangs sometimes,neutral,neutral,0.6543952822685242,0.19472818,0.6543953,0.15087652
"it's an ok app, compared to whatsapp and line messenger",neutral,neutral,0.6160714626312256,0.025968589,0.61607146,0.35795987
"won't open any .pdf files on my tmo vibrant (bionix <number> . <number> ), useless.",negative,negative,0.9247757196426392,0.9247757,0.063765794,0.011458553
can you fix the quality of display picture,positive,neutral,0.6521450281143188,0.09524495,0.652145,0.25261
can't move app to sd card,neutral,neutral,0.52064448595047,0.41308293,0.5206445,0.06627258
good app but more facilities we exprcted,neutral,neutral,0.6266604661941528,0.03765259,0.62666047,0.33568698
app works great. consider changing the red triangular notification to a solid red color in the notification bar in android. on my note <number> it appears as transparent in the notification bar at the top.,positive,positive,0.526176393032074,0.059910662,0.41391292,0.5261764
plz update it it stick in the loading screen forever,negative,neutral,0.5050231218338013,0.30897662,0.5050231,0.1860003
i like it but i wish there were more things and i wish we could customize shirts and stuff,positive,positive,0.5379723906517029,0.027929766,0.43409786,0.5379724
my messages aren't going through to anyone. please fix immediately.,neutral,negative,0.5296881794929504,0.5296882,0.39117432,0.07913758
"i love it, but i'll select one to use and then it will show the new one sent, but a short time later, it will show that i resent an old one, not the one i just selected.",neutral,neutral,0.5197938084602356,0.069789365,0.5197938,0.41041687
my radar has stopped working! i've never had a problem with it until today please fix!,negative,negative,0.8109861612319946,0.81098616,0.15998629,0.02902762
working properly for awhile and crashes later on,neutral,negative,0.7247917652130127,0.72479177,0.23669897,0.03850928
"a well-crafted, simple app",positive,positive,0.7322351336479187,0.033500835,0.23426405,0.73223513
it was okay at the start and got me focussed but my phone's screen timed out and locked and then my tree withered. please fix this,negative,neutral,0.7231894135475159,0.08042155,0.7231894,0.196389
it's pretty useful!,positive,positive,0.6754047870635986,0.02442437,0.30017087,0.6754048
why can my friends get the bitmojis with two people but i can't? frustrated.,neutral,neutral,0.5754026174545288,0.3096377,0.5754026,0.11495963
remove obscene quotes and gestures,negative,negative,0.797398030757904,0.79739803,0.17008083,0.032521218
pretty good. app wish it let you face scan yourself.,positive,positive,0.6460053324699402,0.022153892,0.33184075,0.64600533
very good but crashes often,neutral,neutral,0.6226790547370911,0.055741597,0.62267905,0.32157925
"lacking lens correction and blur features, otherwise i'd love it. please consider adding these, otherwise i'll have to use photo mate r <number> , cause while it doesn't have blur feature's it has great lens correction features so i can get my chromatic aberration effect : <number>",positive,neutral,0.5020356774330139,0.07127239,0.5020357,0.4266919
the animation stopped working please fix!,negative,negative,0.7900530695915222,0.79005307,0.17422426,0.035722736
goood one no one can see images unless u do hd,positive,neutral,0.5215110182762146,0.34663677,0.521511,0.13185218
the app lags and consume lots of space.,negative,negative,0.4959343671798706,0.49593437,0.44424766,0.059817977
"great app, using for an <url> but, could it be upgraded with the feature 'desktop mode' ?",positive,neutral,0.5943613648414612,0.055814706,0.59436136,0.34982392
it was good before,neutral,neutral,0.6734462380409241,0.13956684,0.67344624,0.18698694
i like the old spark better it was more accurate cuz it told you exactly how many miles away the lightning was now you gotta zoom in on the map just to see in a round about ways of where the lightning <url>,neutral,positive,0.5031493902206421,0.044153396,0.45269725,0.5031494
"i really like it, but for a while now it hasn't been making my tree die when i touch my phone. also, after completing a set amount of time there's another number underneath my tree. i can't figure out what this means.",positive,neutral,0.6412858366966248,0.07904383,0.64128584,0.27967033
annoying buttons below the chat text box.,neutral,neutral,0.6494323015213013,0.2096969,0.6494323,0.14087081
i like this app for esuy to watch movie,positive,positive,0.7270228266716003,0.032007586,0.2409696,0.7270228
"aaa please tell me why it doesnt show my cherry blossom <url> i just unlocked it with <number> coins, and i cant find it to grow it. arghh its frustrating.",neutral,neutral,0.5123906135559082,0.4125475,0.5123906,0.07506187
needs to save where you last left off thats all it needs <number> stars when it updates,neutral,neutral,0.6411767601966858,0.20994614,0.64117676,0.14887708
the app draws the mobile addict in you and plays with his/her psyche.,positive,positive,0.6053743362426758,0.07136982,0.32325584,0.60537434
it is helpful for fast downloading,positive,positive,0.6253633499145508,0.022807106,0.35182947,0.62536335
hard to access emojis/sticker,positive,neutral,0.5191413760185242,0.4121784,0.5191414,0.068680264
why this app has become so big? earlier it used to be only <number> mbs now its <number> . please reduce the size. <signature>,neutral,neutral,0.5379717946052551,0.31830636,0.5379718,0.14372182
directions make no sense,negative,negative,0.5594250559806824,0.55942506,0.35993898,0.08063602
great app for photography but,neutral,neutral,0.5643439888954163,0.04385204,0.564344,0.391804
why can't they fix these issues,neutral,neutral,0.5366299748420715,0.34790337,0.53663,0.11546669
not working with whats app,negative,negative,0.8423704504966736,0.84237045,0.13885786,0.018771695
you have to put the search option in the app,positive,neutral,0.6131784319877625,0.17736122,0.61317843,0.20946032
"its very usefull, also good <url> !!!",positive,positive,0.691983699798584,0.031480663,0.2765356,0.6919837
"its good. but the problem is whenever i charge my phone, and the forest app has been running, the moment the charging the moment the tree died. and i do not get a single coin. lol is not my fault that the tree died, but what i got-o coins and a dead tree.",neutral,neutral,0.7688940763473511,0.05729771,0.7688941,0.1738082
tel me what to do,positive,neutral,0.5001115798950195,0.34184894,0.5001116,0.15803945
some websites say i don't have adobe even though i have this loaded.,neutral,neutral,0.5466262698173523,0.29345328,0.54662627,0.15992038
it is easy to find your distination but there is always a less price,neutral,neutral,0.6421712636947632,0.04077677,0.64217126,0.317052
i havent many friends here,positive,neutral,0.4612068831920624,0.4313312,0.46120688,0.107461944
"would like updates on the sun over a <number> hour loop, as well as wind maps, water temps. but one of the <signature>",positive,positive,0.4915008246898651,0.03032319,0.478176,0.49150082
where are the local adjustments?,positive,neutral,0.6151269674301147,0.17404881,0.61512697,0.21082427
very easy to <url>,neutral,positive,0.6351239681243896,0.037177473,0.32769862,0.63512397
easy to use very good deal.,positive,positive,0.7185094952583313,0.022290569,0.25919992,0.7185095
this app doesnt want to sign me up,neutral,negative,0.9008574485778809,0.90085745,0.08572309,0.013419446
always showing install even it has already installed,positive,neutral,0.5220425128936768,0.23316045,0.5220425,0.24479707
the zooming feature is slow and consequently difficult to use.,neutral,neutral,0.6987985968589783,0.20225933,0.6987986,0.098942064
great tool for on the go!,positive,positive,0.7243495583534241,0.037281655,0.23836882,0.72434956
raw format not supported,neutral,neutral,0.6068139672279358,0.30440536,0.60681397,0.08878061
"it's a cool thing to have, but it won't sync up with the mozilla addon",positive,neutral,0.7496119737625122,0.038924187,0.749612,0.21146382
great app but keeps crashing,neutral,neutral,0.5704149007797241,0.25307453,0.5704149,0.17651062
"bbm is good ,hate the adverts",positive,negative,0.4537581503391266,0.45375815,0.44783497,0.09840691
how about a tablet ui?,neutral,neutral,0.6076927781105042,0.17426756,0.6076928,0.21803969
prefer the website more,neutral,neutral,0.6067134141921997,0.13364594,0.6067134,0.25964063
"good design. hope the plant real trees is a true story! also, why the highest ranking people are mostly asian? should expand your customers",positive,positive,0.6228873133659363,0.030341009,0.3467717,0.6228873
"i am not disappointed, but pixlr is still a way better software.",neutral,neutral,0.6496758460998535,0.0934659,0.64967585,0.25685823
"i love playing with bitmojis. the clothes in the personalization could use some updating, though. very little are things i'd ever actually wear. it would also be nice to add friends directly on the app to interact with their own bitmojis outside of snapchat.",positive,positive,0.6675747036933899,0.034092702,0.2983326,0.6675747
i love it. i just wish i could delete images that i find offensive and would never use.,positive,positive,0.7021271586418152,0.061628163,0.23624465,0.70212716
i think in the new update they let you color customize any hair style and let you put cuts in your eyebrows.,positive,positive,0.526900589466095,0.05833023,0.41476923,0.5269006
automatically resizes with no way to change!!,negative,negative,0.8065062165260315,0.8065062,0.163033,0.03046079
don't like the new update,positive,neutral,0.5604259967803955,0.3592564,0.560426,0.08031767
i like my bbm now . <signature>,positive,positive,0.6873998045921326,0.04845254,0.2641476,0.6873998
no more trees since update. just shrubs :'(,positive,negative,0.465398907661438,0.4653989,0.42443812,0.110162936
would not updated on my phone and i tried like <number> times,negative,negative,0.5247133374214172,0.52471334,0.40312085,0.07216579
"needs more body shapes and sizes, as well as face lines around nose/cheeks",positive,neutral,0.6374746561050415,0.058611818,0.63747466,0.30391356
took away floating head in txt,negative,negative,0.8014439344406128,0.80144393,0.16421613,0.034340024
stopped working on my phone since the last update. will bring rating up when the problem is fixed.,negative,negative,0.7583430409431458,0.75834304,0.21064064,0.031016318
works well. most of my pdf files require me to enter a username and password. this app will not allow me to. any chance of adding that?,neutral,neutral,0.6805256605148315,0.22033401,0.68052566,0.09914031
"it's <url> ,add select area <url> mean make selection by <url>",neutral,neutral,0.5937223434448242,0.0969259,0.59372234,0.3093518
app doesn't always work. temp won't show in n status bar. doesn't keep track of moving locations,neutral,negative,0.8164916038513184,0.8164916,0.16385251,0.01965586
i hate this update,negative,negative,0.9002776741981506,0.9002777,0.08459497,0.015127386
new updates are beyond worse,negative,negative,0.542974591255188,0.5429746,0.37750292,0.07952245
where is wbug elite i paid for???,negative,negative,0.6955863237380981,0.6955863,0.25613192,0.048281755
make the time lapse between editing each feature shorter,positive,neutral,0.686505913734436,0.15502816,0.6865059,0.15846592
add one more feature,positive,neutral,0.4838871657848358,0.047104914,0.48388717,0.46900794
the app was useful but avg virus scanner said it contains malware so i'm uninstalling to be safe,negative,neutral,0.573458731174469,0.32062703,0.57345873,0.10591423
i couldn't open it.,negative,negative,0.7846404910087585,0.7846405,0.18244329,0.032916225
i think that uc is very nice,neutral,positive,0.5225088596343994,0.04487183,0.43261933,0.52250886
mis the original bbm,negative,negative,0.6357697248458862,0.6357697,0.2889466,0.07528371
new ui tanks usability,negative,neutral,0.5145986080169678,0.10287952,0.5145986,0.3825219
this app is so good,positive,positive,0.5478956699371338,0.04088137,0.41122296,0.54789567
doesn't work on my htc droid eris!! can't open pdf attached emails. uninstalling!!,negative,negative,0.9241932034492493,0.9241932,0.06327116,0.012535604
it's very good app for android mobile s,positive,positive,0.671030580997467,0.025543464,0.3034259,0.6710306
temp is all wrong,neutral,negative,0.8514341711997986,0.8514342,0.1259906,0.022575146
id's easy to use and very helpful,positive,positive,0.7254786491394043,0.024170805,0.25035056,0.72547865
"it seems everytime we're about to get severe weather, the app stops working. radar doesn't work, storm tracking doesn't <url> most critical time for something to work is during or before a storm, such as we're supposed to get today. this app works great on bright, sunny <url> 't depend on it if a storm is brewing though. it will quit working on you.",neutral,negative,0.5500386357307434,0.55003864,0.39281863,0.057142764
i guess its just the world i live in???,negative,neutral,0.6017257571220398,0.13711117,0.60172576,0.26116315
just an idea. when editing/creating my bitmoji i think it'd be neat to have the option to mix and match parts of different outfits together or even change colours of parts.,positive,neutral,0.48713213205337524,0.03843255,0.48713213,0.47443533
app is good. no weather forecast is <url> very vague predictions.,positive,neutral,0.7022233605384827,0.18929648,0.70222336,0.108480126
cannot attach pictures to reviews,neutral,neutral,0.5762751698493958,0.33276144,0.57627517,0.09096332
great weather app! easy to use and quick to load. only wish it was easy to find a forecast video on it.,positive,positive,0.6935977339744568,0.027124517,0.27927774,0.69359773
issue on local wifi,neutral,neutral,0.5466548800468445,0.2898472,0.5466549,0.1634979
i dont like this app,negative,negative,0.6106023788452148,0.6106024,0.33046633,0.058931325
on the right track,positive,neutral,0.563443124294281,0.12202515,0.5634431,0.31453168
best app for browsing,positive,positive,0.5984286069869995,0.03156376,0.3700076,0.5984286
needs a dark mode for the notification bar. hate the bright white glaring at me.,positive,negative,0.5329346060752869,0.5329346,0.40736425,0.0597011
"good app, but it doesn't support gif in android",positive,neutral,0.7898926138877869,0.068463095,0.7898926,0.14164427
<salutation> i tried to sign in and i gave my email and password and from u a email also came but what next to <url> tried to click check again and continue but nothing happened,positive,negative,0.6747953295707703,0.6747953,0.2728775,0.052327216
been using for several months now as a communication tool for various members of a nonprofit organization. it's only downfall that i can see are the occasional missed update alert and that there is no notification badge on the icon.,positive,neutral,0.5876466631889343,0.1363564,0.58764666,0.27599698
works for what i need,positive,positive,0.621027410030365,0.06841896,0.3105536,0.6210274
it's saying it's not up to date so i can't view my file. -htc evo,neutral,neutral,0.5977562665939331,0.25277215,0.59775627,0.1494716
when you know how to use it it's pretty fun and useful same with adobe photoshop touch i have a ton of fun with that but you just have to know how to use it or it will not be fun that's why people are reading it for star i read it <number> stars i love it but only because i know how to use it,positive,neutral,0.5851916074752808,0.049034134,0.5851916,0.3657742
best app ever ( my opinion),negative,positive,0.6351330876350403,0.066859335,0.2980076,0.6351331
doesn't tie your account to gmail - so every new phone (or reflash) you have to retype <url>,negative,negative,0.6588964462280273,0.65889645,0.2996451,0.04145844
great application for team collaboration,positive,positive,0.7419756650924683,0.030818773,0.22720551,0.74197567
"crash easily,make my phone <url> its a great <url> u!",positive,positive,0.5772411227226257,0.06221021,0.36054865,0.5772411
the menu bar above keyboard is annoying,positive,neutral,0.6202951073646545,0.24803871,0.6202951,0.13166617
it's an essential tool.,positive,positive,0.6981315016746521,0.04442567,0.25744283,0.6981315
this bbm doesnt work properly with the samsung notebook <number> . it is always showing limited bbm access. pls fix this,neutral,negative,0.7648910880088806,0.7648911,0.20707774,0.028031232
"unless i open the app, i get no notifications even when my name is mentioned",negative,neutral,0.538908064365387,0.33491072,0.53890806,0.12618123
it's good app but need more apps related chat process,positive,neutral,0.5496672987937927,0.022231882,0.5496673,0.4281008
"doesn't open all pdfs. i do a lot of work dealing with architectural plans. this does not render all of the pdfs (some open fine, others open blank).",negative,negative,0.6491321325302124,0.64913213,0.31354547,0.0373224
quick way to book a motel when you need too,neutral,positive,0.5361717939376831,0.035813823,0.42801437,0.5361718
can get out of the app by home button and use your <url> timer runs in the <url>,neutral,neutral,0.659905731678009,0.15908076,0.65990573,0.18101355
"honestly a joke compared to the desktop version of lightroom. i have one of the most powerful phones in existence and this app can't even scroll without lagging. i reinstalled today, <number> months later to find not only has nothing changed but my trial has expired and i now need to pay to use a laggy gimped version of software i already own.",negative,negative,0.6956433057785034,0.6956433,0.26310286,0.041253842
better for <url> !!!! you will try <url> !!!!,neutral,negative,0.71124666929245,0.71124667,0.24256398,0.046189368
backup feature was awesome,positive,positive,0.48969200253486633,0.09053066,0.41977727,0.489692
amazing to use this one like superb,positive,positive,0.7017982602119446,0.038088977,0.2601128,0.70179826
i can't post on any website.,neutral,negative,0.5359911918640137,0.5359912,0.39723226,0.066776514
want some other features,neutral,neutral,0.6847779750823975,0.045880347,0.684778,0.26934165
this app is not user friendly,neutral,negative,0.510424017906189,0.510424,0.44419986,0.045376103
force closes <number> / <number> !,negative,negative,0.6924667954444885,0.6924668,0.24334253,0.06419072
what a waste of this apps effort the image meta data are always show false info when export image to gallery,negative,negative,0.8858428001403809,0.8858428,0.09802543,0.016131818
it's a nic app n helpful <url>,positive,positive,0.690305769443512,0.028987886,0.28070632,0.69030577
how to change time ??,neutral,neutral,0.5326204299926758,0.32020646,0.53262043,0.14717312
it's ok but this new version is not so impressive,neutral,neutral,0.782221794128418,0.037688807,0.7822218,0.1800894
this is a good movie downloader,positive,positive,0.6245664954185486,0.029767597,0.34566593,0.6245665
want my old avatar can't find it,negative,negative,0.46377402544021606,0.46377403,0.4447916,0.09143441
best of pdf file app,positive,positive,0.6773678064346313,0.04481815,0.27781403,0.6773678
i would have gave <number> stars if y'all had more cute outfits for the girls to wear that is seasonal appropriate,positive,neutral,0.546450674533844,0.06664855,0.5464507,0.3869008
was ok but i can easily use other apps when i press home,negative,neutral,0.6884806752204895,0.056656454,0.6884807,0.2548629
"useless. can't log in using the app at all. deleted and reinstalled several times, still no luck.",negative,negative,0.9218255877494812,0.9218256,0.065362625,0.0128117185
"easy to use, but if i plant a tree to grow and then leave the app it doesn't die. don't know if that's a bug in the app, but knowibg it won't die once i exit the app gives me no reason to stay focused",positive,neutral,0.7101477980613708,0.15201701,0.7101478,0.13783523
cuts down on paper usage.,positive,negative,0.736480176448822,0.7364802,0.2230154,0.040504422
<salutation> then dropped it. and now the radar animation doesn't work.,negative,negative,0.9132366180419922,0.9132366,0.07319582,0.013567533
"good idea, but too slow on android. much better on desktop.",negative,neutral,0.717052161693573,0.049150687,0.71705216,0.2337972
"like everything about it, except that the radar animation is a little clunky.",positive,neutral,0.5852931141853333,0.042530168,0.5852931,0.37217677
it's the king when it comes on downloading from internet i really appreciate it,positive,positive,0.6122548580169678,0.07310668,0.31463844,0.61225486
"i'm using uc browser from many years and its was amazing but from the last update i got, it get <url> everytime i open new site, it shows an error everytime. please fix this.",neutral,neutral,0.5305734872817993,0.35212252,0.5305735,0.11730398
cant install this app on my s <number> . error cant install in default location,negative,negative,0.8171350359916687,0.81713504,0.16038838,0.022476578
needs to include precipitation estimates,neutral,neutral,0.7163546681404114,0.102209896,0.71635467,0.18143547
new version is a step back,negative,neutral,0.4593801200389862,0.27549455,0.45938012,0.2651253
great but watch little bug,neutral,positive,0.48426714539527893,0.042822134,0.47291073,0.48426715
i love this app.,positive,positive,0.7246421575546265,0.07638506,0.19897284,0.72464216
"love the idea, and as long as i didn't touch my phone notifications and such didn't ruin my progress. however if i try to exit out of the app (to use whitelisted apps like my calculator) then it 'killed' my trees.",neutral,neutral,0.4532427489757538,0.1429968,0.45324275,0.40376037
"my mom found this before i did! i'm <number> and even i like it. lol great for all ages. you can make it look just like you to every detail, many clothes and accessory choices, and when you want to send a text to somebody they basically have everything you might want to say to somebody in a text or to reply back to somebody in a text message. plus cute little emojis of yourself doing things.",positive,positive,0.7050066590309143,0.034399074,0.2605943,0.70500666
ads ads ads everywhere,neutral,negative,0.7503873705863953,0.7503874,0.20850484,0.041107874
has gotten a bit better since last review. i really like the lightning strike display. helps me with my lightning photos,neutral,positive,0.708396315574646,0.030346602,0.26125708,0.7083963
i really enjoy it,positive,positive,0.7397610545158386,0.037979037,0.22225991,0.73976105
i rely on accurate radar as i work outside everyday on a golf course. the daily and the hourly forecast constantly contradict each other though now and it's hard to figure out what the actual weather will be so i can only really rely on radar.,positive,neutral,0.5726065635681152,0.07962998,0.57260656,0.34776354
"i enjoyed it, but the app deleted all of my purchases, such as trees and sounds",neutral,neutral,0.5498080253601074,0.09215885,0.549808,0.35803315
so far it's good,positive,neutral,0.5110023617744446,0.023602083,0.51100236,0.4653956
would like some custom messages when trees are planted,positive,neutral,0.5394735932350159,0.03322746,0.5394736,0.42729896
used to be good,negative,negative,0.8115208148956299,0.8115208,0.15940416,0.029075025
make category select bradcast message!,neutral,neutral,0.5514894723892212,0.16974717,0.5514895,0.2787634
causes allot of problems will change dates etc when making a booking. prob better off staying with web page.,negative,neutral,0.6587632298469543,0.18485248,0.65876323,0.15638426
reflow feature quirky. can't somehow help feeling suspicious it is bugridden inside.,negative,neutral,0.672687292098999,0.21490778,0.6726873,0.1124049
i don't <url> i can't understand this appp,neutral,negative,0.5505878329277039,0.55058783,0.3716113,0.07780079
crashes on galaxy s,negative,negative,0.805973470211029,0.8059735,0.16100216,0.033024367
force closes all the time. from a company with a good to great rep. i had expected better,negative,neutral,0.4896635115146637,0.24676926,0.4896635,0.26356718
great <url> ruined with ads,neutral,negative,0.8964414000511169,0.8964414,0.08490461,0.018654004
worst experience at hotel,negative,negative,0.923361599445343,0.9233616,0.06420224,0.012436152
heating and battery problem,neutral,neutral,0.5541504621505737,0.33529174,0.55415046,0.11055783
fed up with advertisements. oh my gosh. cannot tolerate this application anymore,negative,negative,0.8879878520965576,0.88798785,0.09656938,0.01544278
this is the fastest app searching mode,positive,neutral,0.5117901563644409,0.058688473,0.51179016,0.42952138
"nice app for managing ongoing projects, teams, groups.",positive,positive,0.7162134051322937,0.038338114,0.24544847,0.7162134
is not allways up to date with current weather.,positive,neutral,0.6495516896247864,0.2287211,0.6495517,0.12172718
realy superrrr <url> saver app,positive,neutral,0.5303170680999756,0.19417837,0.53031707,0.27550456
<number> day trial? and then creative cloud?,negative,negative,0.44215837121009827,0.44215837,0.39849916,0.15934251
the print button keeps shutting itself down,positive,negative,0.5560869574546814,0.55608696,0.37357652,0.07033651
average performance in download,neutral,neutral,0.6734229326248169,0.12605622,0.67342293,0.20052083
animation on radar stopped,negative,negative,0.7891814112663269,0.7891814,0.17451428,0.036304325
"so far so good. surfing is made enjoyably interesting, thumb ups.",positive,positive,0.6803460717201233,0.03221802,0.2874359,0.6803461
bbm sucks on my galaxy s <number> mini .,negative,negative,0.885592520236969,0.8855925,0.097660206,0.016747268
what did i download?,negative,negative,0.7091416120529175,0.7091416,0.24100274,0.049855582
my favourite editing apl,positive,positive,0.6546934843063354,0.06789346,0.27741304,0.6546935
so easy to use and appropriate advice,positive,positive,0.7216567397117615,0.026941124,0.2514021,0.72165674
doesn't work properly.,negative,negative,0.9056708812713623,0.9056709,0.08023902,0.014090078
"generally good, sometimes price filter doesn't work well.",positive,neutral,0.742891788482666,0.0715456,0.7428918,0.18556254
love this app pretty accurate,positive,positive,0.7620877027511597,0.03728559,0.20062673,0.7620877
as much as <number> degrees off!,negative,neutral,0.5125241875648499,0.23633009,0.5125242,0.25114578
used to be good,negative,negative,0.8115208148956299,0.8115208,0.15940416,0.029075025
"this app helps me be productive, but since the update, i can't plant the trees i had previously bought.",positive,neutral,0.6907017230987549,0.055448785,0.6907017,0.25384957
dell streak:force close sometimes. blank pages sometimes. need bookmark feature and ability to continue from last read page.,neutral,neutral,0.6408657431602478,0.23259635,0.64086574,0.12653796
"if your in a hurry, i'd recomed calling, it takes a wile to fill out the information.",neutral,neutral,0.6274864673614502,0.14394462,0.62748647,0.22856896
good but not good as web version,positive,neutral,0.7493355870246887,0.057071976,0.7493356,0.19359241
problems working over wi-fi,negative,neutral,0.5607233643531799,0.35403904,0.56072336,0.08523761
it's ads all the way,negative,neutral,0.44349202513694763,0.43370536,0.44349203,0.122802675
no password support <url>,negative,negative,0.5122476816177368,0.5122477,0.4341245,0.05362783
"good, but not perfect",neutral,neutral,0.7834832668304443,0.05391518,0.78348327,0.16260155
i wish it would work offline,positive,neutral,0.5596428513526917,0.042137474,0.55964285,0.39821967
cloud based apps do not work for me. with pathetic network services in our region it becomes frustrating to use. pity. will have to uninstall,negative,negative,0.8795655369758606,0.87956554,0.10499796,0.015436544
"so disappointed with this app! why would you delete an entire account without any warnings? see i'm not mad that you deleted my account because i had iran's ip address, i'm mad because you didn't even bothered to give me a chance to take back up of my files! do you understand how unprofessional this is? so disappointed!",negative,negative,0.8953186869621277,0.8953187,0.090596825,0.0140844
this app is good,positive,positive,0.613295316696167,0.030446796,0.35625792,0.6132953
"slow, laggy performance. thinkfree office opens my pdfs and allows smooth transitions and zooming.",negative,neutral,0.5804199576377869,0.34372208,0.58041996,0.07585793
since the update the radar doesn't work <url>,negative,negative,0.8079100847244263,0.8079101,0.16743003,0.024659917
"like the app, but could you please remove the external storage permission when i want to take a picture? i don't like granting apps dangerous permissions and i know you don't need it if you use the file provider api. <signature>",negative,neutral,0.6733901500701904,0.12282514,0.67339015,0.20378476
there is no print option i can find.,neutral,neutral,0.6158454418182373,0.28479433,0.61584544,0.09936018
<url> the picture size on bbm group is too small sometime not clear. also incoming bbm call is not detected or not showed in galaxy gear s <number>,positive,neutral,0.6357845664024353,0.1943386,0.63578457,0.16987687
got stuck on trying to confirm my booking and i lost the accommodation. after that force crash. uninstall. htc desire,negative,negative,0.9203710556030273,0.92037106,0.06756588,0.0120629845
please fix the radar,negative,neutral,0.44415903091430664,0.34857452,0.44415903,0.2072664
"good adjustment, bad storage",neutral,neutral,0.4877411425113678,0.44103256,0.48774114,0.07122636
coming from adobe this is absolute garbage. fails to open pdf files. it was only <number> kb. garbage.,negative,negative,0.9171779751777649,0.917178,0.0705336,0.012288446
after i updated the new bbm version always getting <url> sometime the messages pending without ceklis my friend send in the morning but the messages coming after <number> or <number> hour <url> i saw on the messages the time when he send me a messages and this made my planning <url> should i didn't upgraded <url>,negative,neutral,0.5551583766937256,0.22094883,0.5551584,0.22389284
new update ruined the app,negative,negative,0.9138708710670471,0.9138709,0.07117774,0.014951441
a widget would be nice,positive,neutral,0.6867445111274719,0.089027494,0.6867445,0.224228
there are ads now?,neutral,negative,0.455264151096344,0.45526415,0.4322937,0.112442076
difficult when on vacation,positive,neutral,0.6760100722312927,0.12317169,0.6760101,0.20081826
notifications are bonkers. (will give <number> once fixed),negative,neutral,0.52630215883255,0.34209806,0.52630216,0.13159972
can't add new locations,neutral,neutral,0.5962603688240051,0.30290818,0.59626037,0.10083146
nice tool for inter-team communication,positive,positive,0.7129099369049072,0.029917765,0.25717232,0.71290994
it's download video very fast and all other thing,positive,positive,0.6064094305038452,0.04404553,0.34954506,0.60640943
"veru useful app only when used with its <number> rd-party integrations, yet flock is much better alternative for having more free features.",positive,neutral,0.6539139747619629,0.07053973,0.653914,0.2755463
doesn't <url> i'll go on other apps and the tree still <url> little i inventive to actually stay off the phone,negative,negative,0.7796487212181091,0.7796487,0.19529973,0.025051493
"when ever i update app,it won't work and i lost my all data many times",negative,negative,0.8857147693634033,0.88571477,0.099371426,0.014913846
doesn't work much! where's the <number> version???,negative,negative,0.88294917345047,0.8829492,0.102519155,0.014531654
nice app fast downloading,positive,positive,0.6731351613998413,0.025632385,0.30123246,0.67313516
"the app is great, it's fun and helpful, tho when you click the home button, it doesn't die. you could fix that",positive,positive,0.6977654695510864,0.029942803,0.27229172,0.69776547
"easy to use, always <url> when you book thrue them, they will charge you too much.",neutral,positive,0.6499739289283752,0.035864145,0.31416193,0.6499739
there is no jump to page option so you have to flip through every single page! its a big waste of time.,negative,negative,0.8979280591011047,0.89792806,0.08836093,0.013711066
great and easy to use,positive,positive,0.7578017711639404,0.02950444,0.2126938,0.7578018
"cloud subscription, no <signature>",negative,negative,0.7212241291999817,0.7212241,0.24205999,0.036715873
great app to focus!,positive,positive,0.7282966375350952,0.04204205,0.2296613,0.72829664
pay when you arrive. err no,neutral,negative,0.7239620685577393,0.72396207,0.24112022,0.034917664
great apps for great team,positive,positive,0.7297415733337402,0.037704695,0.23255372,0.7297416
i like the appl because it connect me to a lot of people in my office,positive,positive,0.7196387052536011,0.030462643,0.2498987,0.7196387
can't open my bbm after updated,negative,negative,0.6131318211555481,0.6131318,0.33795014,0.048917953
cannot use for flash <url>,neutral,negative,0.48578155040740967,0.48578155,0.45723605,0.05698243
won't work with my text messages and have to start a new conversation to use it in messenger,neutral,negative,0.8922345638275146,0.89223456,0.09395091,0.013814565
it crashes every time,positive,negative,0.8521272540092468,0.85212725,0.12173638,0.02613638
great app for group family communication across multiple types of devices and countries,positive,positive,0.7204441428184509,0.037773043,0.24178283,0.72044414
it was great radar sucks now,negative,negative,0.8527798652648926,0.85277987,0.1229044,0.02431564
missing a tablet version,neutral,neutral,0.5976050496101379,0.26434866,0.59760505,0.13804634
the browser is used very fast connecting browser,positive,neutral,0.5076045393943787,0.06308665,0.50760454,0.42930874
i want a etc wallet that's all i want to invest <url>,negative,neutral,0.536078691482544,0.15093456,0.5360787,0.3129867
not so much but good,positive,neutral,0.7580790519714355,0.047118917,0.75807905,0.19480196
well the app is kinda <url>,positive,neutral,0.48743879795074463,0.057734475,0.4874388,0.4548267
the program is very slow and can be unresponsive. there is no bookmake setting. pages take a very long time to load even when zooming in and out.,negative,neutral,0.6780180931091309,0.23202594,0.6780181,0.08995598
totally invasive and inappropriate for development. it kept people talking for every detail for hours. kill innovation and efficiency. cannot replace skype so another chat cheater. a waist of time in communication. one good point if you can make your competitors to use it. they will collapse.,negative,negative,0.8390159606933594,0.83901596,0.13951321,0.02147088
i love it. but i think it would be better to add angle correction as well is needed sometimes and i don't like having to use other apps to do this.,neutral,neutral,0.5441335439682007,0.052782945,0.54413354,0.40308347
the emoticon not <url> :'(,neutral,neutral,0.5188387632369995,0.36895394,0.51883876,0.112207256
good app. had full version but they took it away. would like it back. radar not working. layers are not working. must be a weather bug.,neutral,neutral,0.48070797324180603,0.45756996,0.48070797,0.061722007
can't import my booking? what's the point of getting this app? anyone?,negative,negative,0.6555102467536926,0.65551025,0.2967956,0.04769417
"the app sometimes gets stuck on a certain temperature and you have to actually click on the app to get the correct temperature to pop up, but at least with this app i can actually get the <number> -day and hourly forecast pages to load which is something i can't get with accuweather. so i guess what i'm saying is it's probably the <signature>",positive,neutral,0.6648344397544861,0.07722758,0.66483444,0.25793797
"great, but occasionally crashes",positive,neutral,0.5994813442230225,0.06633935,0.59948134,0.33417928
"crap, takes ages to loads and lags on all docs, standard pdf viewer much better",negative,negative,0.8908195495605469,0.89081955,0.09413805,0.015042381
it stops working frequently,neutral,negative,0.5107119083404541,0.5107119,0.39887583,0.09041224
like it more than most weather apps i've tried. would recommend!,positive,positive,0.6671571731567383,0.030924696,0.30191812,0.6671572
stupid trees. too much green. too cute. memory hog. deleted it.,negative,negative,0.9139347076416016,0.9139347,0.073085494,0.012979773
plz add readout loud feature in application,positive,neutral,0.5657049417495728,0.07722901,0.56570494,0.35706604
"give error, stuck onopening",negative,negative,0.827168345451355,0.82716835,0.15042381,0.022407811
the radar map only shows past not current,neutral,neutral,0.5010349750518799,0.36882052,0.501035,0.13014448
"the worst, the most bugged app that i've ever seen in my life! always crashing for no reason!",negative,negative,0.9267858266830444,0.9267858,0.06117728,0.012036938
this does not work with my phone i exited the app for ages and my tree still grew.,negative,negative,0.9026205539703369,0.90262055,0.08384394,0.013535557
the application is too slow. sometimes it just wont select the options.,neutral,neutral,0.7139151692390442,0.16645128,0.71391517,0.11963353
useless doesn't open email attachments on lg optimus,negative,negative,0.9080722332000732,0.90807223,0.07936218,0.012565514
its a very good app,positive,positive,0.6903690695762634,0.02863168,0.28099927,0.69036907
good up to date service,neutral,positive,0.6178033351898193,0.027754657,0.354442,0.61780334
luv it but u should allow us <number> make more than one character then i'll give u <number>  's,neutral,neutral,0.6641433238983154,0.0919726,0.6641433,0.24388407
"app does what it has to do, but would it be possible to implement a harder way to cancel the growth of your tree? now it takes about <number> seconds. you could make another cancel button which you have to press for <number> minute without releasing it to unlock your phone. gives you time to think if you really need to unlock it. <signature>",neutral,neutral,0.6961492896080017,0.08893869,0.6961493,0.21491207
need full raw hdr for lg v <number> !!!,neutral,neutral,0.5865285992622375,0.2757225,0.5865286,0.13774885
it wont even let me log in!!!,negative,negative,0.918163001537323,0.918163,0.06837727,0.013459733
wouldn't search any locations.,negative,negative,0.8033149838447571,0.803315,0.17277136,0.023913603
new version is not intuitive.,negative,neutral,0.6670235991477966,0.21903323,0.6670236,0.11394323
image previews don't work,positive,negative,0.7530236840248108,0.7530237,0.21928845,0.02768784
"its great, just too many ads",positive,positive,0.662687361240387,0.041375924,0.29593676,0.66268736
radar has stopped working,negative,negative,0.8265076279640198,0.8265076,0.14259335,0.03089899
has been treating me well for years,positive,positive,0.5594780445098877,0.09846724,0.34205475,0.55947804
animated radar not working,negative,negative,0.821687638759613,0.82168764,0.15178047,0.026531914
problems with internet connection s <number> edge,neutral,neutral,0.5827586650848389,0.29244837,0.58275867,0.124793015
"another login and account needed, mediocre editing",negative,neutral,0.5791098475456238,0.33042967,0.57910985,0.09046047
i need a tab for news language i don't want it to be default for the place i live in my native language may be different. please look into it,positive,neutral,0.655738890171051,0.10395837,0.6557389,0.24030274
"idea is nice, <url>",neutral,neutral,0.5419180989265442,0.059844214,0.5419181,0.3982377
useless and hang in itself,negative,negative,0.9243712425231934,0.92437124,0.062443126,0.01318568
lagging on nvidia shield tablet,neutral,neutral,0.5506187677383423,0.3487888,0.55061877,0.100592375
less taps &gt; more taps is not always true! this update clutters up the mobile app and looks horrible! bring back the drop down menu.,positive,negative,0.9102814793586731,0.9102815,0.07710548,0.012612998
great mobile app for a great platform,positive,positive,0.7097830176353455,0.03596664,0.25425038,0.709783
easiest way to keep all my accommodation details with me when i travel.,positive,positive,0.5891702175140381,0.028999722,0.38183004,0.5891702
"there is no way to search or jump to the pages i want. so, in a <number> page document, i have to page down until i get to where i want. very poor!",neutral,negative,0.8997303247451782,0.8997303,0.08611406,0.014155588
crashes on z <number> compact,neutral,negative,0.5711137652397156,0.57111377,0.33210272,0.09678359
"can't delete any of the pdf files! someone ,help mytouch <number> g",neutral,neutral,0.5487046837806702,0.322594,0.5487047,0.12870133
somethings wrong with this app,positive,negative,0.8428861498832703,0.84288615,0.13830307,0.018810702
well organized app. offers better deals than the hotel itself.,positive,positive,0.6837735772132874,0.037376665,0.2788498,0.6837736
faster than other app,positive,neutral,0.596392035484314,0.09682981,0.59639204,0.3067782
"decent, but needs ability to define custom notification sound. the built-in ones are too quiet and the 'device default' is too general.",positive,neutral,0.6827040314674377,0.041209564,0.68270403,0.2760864
"if you have difficulties staying focussed, then this is definitely the app for you. as trivial as it sounds, there's a real sense of satisfaction in seeing your forest grow the more time you log. the only thing i would say which could be added is social email support or facebook integration, which i believe is already a feature on the ios version. some of my friends are using it too, and seeing their forests grow (perhaps even on some kind of map next to mine?) would add an element of healthy competition!",positive,positive,0.505940854549408,0.050126873,0.44393227,0.50594085
would be better with out ads,positive,neutral,0.6863101124763489,0.061025552,0.6863101,0.2526644
<number> star 'coz why we have to request hd quality picture first? oh <url> nobody need bad quality picture. washing <url> another chat app more better !!,neutral,negative,0.6724599003791809,0.6724599,0.26637346,0.06116665
"my screen goes off, but when i unlock my phone, my tree dies. makes the app pointless as it forces me to keep the screen on which is distracting. great concept though.",neutral,neutral,0.6121165156364441,0.13679017,0.6121165,0.2510933
it will be better if the apps allow users to listen music while studying or doing their things,positive,neutral,0.6272696852684021,0.037605584,0.6272697,0.3351247
the app is free on android but why can't i use my new unlocked tree?!,negative,negative,0.4968785047531128,0.4968785,0.42123395,0.08188757
"not ideal, but better than a few other ""freeware"" options there with lots of adds or crappy ui.",positive,neutral,0.7115548849105835,0.1533669,0.7115549,0.13507824
add break or pause option plz,positive,neutral,0.6334394216537476,0.060015716,0.6334394,0.3065449
good effort <url> try to send correct notification of the news or story.,positive,positive,0.5541862845420837,0.03544875,0.41036496,0.5541863
doesn't work keeps saying bad internet connection but all other apps work.,negative,negative,0.7823008894920349,0.7823009,0.19234954,0.025349546
did not install this app. all i did was update my phone and it was there and i can delete it! very annoying!!!,negative,negative,0.8980890512466431,0.89808905,0.08746931,0.014441638
last updates causing problems.,neutral,neutral,0.4793054163455963,0.43986517,0.47930542,0.08082938
"stupid app many many ads ,don't download this app",negative,negative,0.9214426279067993,0.9214426,0.06580917,0.012748253
too much buz for nothing so special.,negative,neutral,0.6521307229995728,0.20559704,0.6521307,0.14227223
simple but effective app to end smartphone addiction,positive,positive,0.6131067276000977,0.03182365,0.35506964,0.6131067
technology at its <signature>,positive,positive,0.5034707188606262,0.12289918,0.3736301,0.5034707
"editing is all about precision, of which this isn't good at. trying to crop is like throwing stones at a picture frame on a wall and hoping it sticks. when you get it you accidently press another button and all the work is <url> still needs some refining",neutral,neutral,0.6325728297233582,0.13372703,0.6325728,0.23370007
used to love <url>,neutral,negative,0.8195285201072693,0.8195285,0.15293671,0.027534725
bbm is really gud,positive,neutral,0.5315696597099304,0.21486302,0.53156966,0.25356737
still a good app,neutral,positive,0.5787156820297241,0.042175952,0.37910837,0.5787157
"looks nice but the live radar always zooms in to close, i like to see the entire area around my location.",positive,positive,0.5781199932098389,0.02741046,0.39446956,0.57812
creeping permissions. no <signature>,negative,negative,0.8106115460395813,0.81061155,0.16473623,0.024652148
don't expect to be productive on the tube,negative,neutral,0.6101922988891602,0.31134337,0.6101923,0.07846425
huge apo. does not have move to sd card. standard reader v. good. uninstalling.,negative,negative,0.9026515483856201,0.90265155,0.0844031,0.012945358
too many push and price not clear,neutral,neutral,0.5967857837677002,0.28836092,0.5967858,0.1148533
great app but updated the app but the bug is still there where the animation plays without accessing the app so you have to tap screen to gain access to home screen. that bug has been there forever please fix!,neutral,neutral,0.5912297964096069,0.21419431,0.5912298,0.19457585
like it but need better notification settings,positive,neutral,0.6147927641868591,0.031789627,0.61479276,0.35341763
being a motorcycling enthusiast i like to know where the rain is and what direction it's heading.,positive,positive,0.6715158224105835,0.047781866,0.28070232,0.6715158
radar no longer works,negative,negative,0.9058932662010193,0.90589327,0.078171715,0.015935011
why i cannot play my download video?,neutral,neutral,0.4781700670719147,0.4220068,0.47817007,0.09982308
as an alternative in contacting people,positive,neutral,0.5175930261611938,0.060008623,0.517593,0.42239836
crashes all the time tells you there is no memory even on sd card. won't let you use if you decline push notifications,negative,negative,0.8424322009086609,0.8424322,0.13868228,0.018885473
what's the point?,negative,negative,0.714056134223938,0.71405613,0.24698423,0.038959604
"i used to really love this browser but now it's just annoying .when i download files sometimes it tells me ""file doesn't exist"" and i have to redownload ,plus it lags .",negative,neutral,0.6399285793304443,0.23456487,0.6399286,0.12550654
its good but i think it should add like fortnite emojis or other characters,positive,neutral,0.5818997025489807,0.022289079,0.5818997,0.39581126
its good but now a days it slow,neutral,neutral,0.6860405802726746,0.036293976,0.6860406,0.27766547
"the emojis you can make out of it are great! however, it would be nice to implement the character doing different kinds of sports. also the app didn't have my face shape, hairstyle, and the mouth was too big for me. basically i had to go with what i could find that looked the most like me, and a bunch of people still thought that the bitmoji looked nothing like me. something else i'd like to add is that maybe for the female character, put some outfits that are t-shirts and moderate shorts, not just short shorts. i couldn't find my usual attire because of that. overall, my bitmoji only looks a bit like me so if you guys can change the face, costumes, and facial features to let more people have an accurate character, it'd be great. <signature>",positive,neutral,0.5583244562149048,0.046431556,0.55832446,0.39524397
throw this app to garbage,negative,negative,0.9157403111457825,0.9157403,0.07151994,0.012739792
very nice and helpful <url> luving <url>,positive,positive,0.7283640503883362,0.031612184,0.24002379,0.72836405
it will be better if there will be option to archive a chat,positive,neutral,0.6759890913963318,0.043192565,0.6759891,0.2808184
requesting to build a bigger forest!,positive,negative,0.5906018614768982,0.59060186,0.34339753,0.066000536
stop the stupid ads,negative,negative,0.8734738826751709,0.8734739,0.10215038,0.024375763
spark lightening no longer working,neutral,negative,0.7863491177558899,0.7863491,0.18055531,0.033095602
"slowly slowly you are making it worst app but it's your app you can do anything after all you are communist. see i don't like your inbuilt pdf viewer,video viewer app so allow user to use apps like adobe pdf reader and mx <url> and the new problem is the facebook video is not working <url> earlier i have given <number> star rating but now you are decreasing quality <url>",negative,neutral,0.5569074153900146,0.31033212,0.5569074,0.13276047
doesn't export my photos most of the time,neutral,negative,0.5767021775245667,0.5767022,0.37644526,0.046852555
still need to improve,positive,neutral,0.6182882785797119,0.07342225,0.6182883,0.30828944
no philippine peso currency?,neutral,negative,0.4945679306983948,0.49456793,0.43155178,0.07388032
"i downloaded this app specifically to merge photos together on my backpacking adventures whilst eliminating the need for a laptop. sadly, it does not have the function to merge photos for panoramic or hdr.",neutral,neutral,0.5988040566444397,0.2835577,0.59880406,0.11763824
"pretty effective but i just noticed it doesn't pick up the usage of one of my most distracting apps (bacon reader for reddit). i was on it and thought oh no my tree! opened up to find it wasn't triggered. double checked my white list etc, everything was proper. if it doesn't block that it becomes pretty useless in my eyes",positive,neutral,0.6612237095832825,0.15007874,0.6612237,0.18869758
"awesome app. it would be sooo useful to have one button access to the lastest posts accross all channels and all workgroups, i find im spending much time digging around for the latest posts.",positive,positive,0.7262346148490906,0.027397497,0.24636792,0.7262346
its good and so easy to use,positive,positive,0.6843629479408264,0.022106564,0.2935305,0.68436295
this isn't as good as it's siblings,negative,neutral,0.6929534077644348,0.18120022,0.6929534,0.12584637
app is good service,neutral,positive,0.5603336095809937,0.03798189,0.40168443,0.5603336
app thinks i am a man :'),negative,neutral,0.5112360715866089,0.23581646,0.5112361,0.25294748
will not work correctly. i tryed to set the map in motion and it will not move!,negative,negative,0.8928995132446289,0.8928995,0.0925975,0.014503063
super cute but kind of difficult to use on the spot.,positive,neutral,0.5950461626052856,0.04224035,0.59504616,0.36271352
"nice, but couldn't find night mode.",positive,neutral,0.7323840260505676,0.114527345,0.732384,0.15308858
"insanely unreliable - wont let me accept invites to other workspaces nor will this application even show me the invite - login inconsistency, i can auto-login with the app but when i type my password in non-app login screens it wont work. its the same password i use for other applications and i successfully login each time.",negative,negative,0.5819528698921204,0.58195287,0.37452558,0.043521535
cant search without creating an account! they need your email so the can sell it to spammers! unistall!,negative,negative,0.9193175435066223,0.91931754,0.06895942,0.011723125
only good not <signature>,neutral,neutral,0.6642703413963318,0.14779177,0.66427034,0.18793795
it is a waste app and waste of time. it is only useful for downloading the movies,positive,negative,0.9010534882545471,0.9010535,0.08442828,0.01451814
it's fast and i can always use it to download,positive,positive,0.659308910369873,0.030861137,0.30982995,0.6593089
have to use and see,neutral,neutral,0.5011931657791138,0.39273265,0.50119317,0.10607422
good but some issues,positive,neutral,0.6295419931411743,0.025341066,0.629542,0.3451169
plz see sex movies it's nice in this,neutral,positive,0.49339359998703003,0.046876207,0.45973018,0.4933936
wont open. it always crashes and my phone reports it having multiple errors in <number> week,negative,negative,0.9011797308921814,0.90117973,0.085798174,0.013022088
fcs on a <number> page pdf. really?! even on my stock evo that's awesome? this reminds me of flash player on my laptop- always causing problems. adobe = crap,negative,negative,0.7955636978149414,0.7955637,0.17157604,0.032860234
"the worst app ever can't download a single <url> my downloads have been ""unsuccessful""",negative,negative,0.9245204925537109,0.9245205,0.063377984,0.012101577
needs text search and in-document link support.,neutral,neutral,0.7169556021690369,0.115189604,0.7169556,0.16785476
it's a great app. love it and good job,neutral,positive,0.7733287215232849,0.03306391,0.1936074,0.7733287
"sometimes wonky when on wifi, but that could be internet connection issue. also wants to have high accuracy location on which will drain your phone quickly.",neutral,neutral,0.7200077772140503,0.113445036,0.7200078,0.16654724
why am i now seeing ads? lame!,negative,negative,0.8552309274673462,0.8552309,0.1243667,0.020402372
you had one job,positive,negative,0.4607868492603302,0.46078685,0.3786763,0.16053683
"it would be nice if there was an option to record voice messages.    nuisance: when i press 'backwards' in my android, i am thrown out of the app, instead of going backwards to the messages list.    nuisance: i don't see a list of last messaged people in chronological order but randomly. this drives me <url>",neutral,neutral,0.7339264750480652,0.0695392,0.7339265,0.19653429
not replacement for the desktop app,neutral,neutral,0.5405877828598022,0.36046365,0.5405878,0.09894855
great app to communicate with family and friends.,positive,positive,0.7734842896461487,0.032042257,0.19447348,0.7734843
best chat application ever,neutral,positive,0.6607414484024048,0.052130654,0.2871279,0.66074145
good app bt needs new features,neutral,neutral,0.5150631070137024,0.0373086,0.5150631,0.44762832
it requires access permission n i dont know from where to turn on so can u plz tell m!!,neutral,negative,0.5965104103088379,0.5965104,0.35487738,0.048612237
uffff!!!! plzz don't downloaded this,negative,negative,0.8250539302825928,0.82505393,0.15029709,0.024648981
good <url> lacks some essential features,positive,neutral,0.7141095399856567,0.049469244,0.71410954,0.23642121
"the app is ok but the camera should no have any sound when you take photos, that problem is quite annoying",neutral,neutral,0.7770660519599915,0.06551021,0.77706605,0.15742376
installation corrupts gmail db on n <number> android <number> . <number>,negative,negative,0.8551715016365051,0.8551715,0.12335373,0.021474807
i think it's a great start app!,positive,positive,0.7094103693962097,0.029281242,0.2613084,0.70941037
radar has been freezing and not moving for last month. deleted it after all this time. pos!!!,negative,negative,0.9144816398620605,0.91448164,0.073096074,0.012422202
ok till it goes wrong,neutral,neutral,0.7493067383766174,0.06549172,0.74930674,0.18520157
i rely on weatherbug every day.,positive,positive,0.5508713126182556,0.0645646,0.38456407,0.5508713
"love this app, especially the lightening strike tracker.",positive,positive,0.7546575665473938,0.04749823,0.19784424,0.75465757
there's still more to it.,positive,neutral,0.5018691420555115,0.13524942,0.50186914,0.36288145
very basic and subscription based,negative,neutral,0.48624515533447266,0.09196486,0.48624516,0.42178994
no words great app,positive,negative,0.6982674598693848,0.69826746,0.25667807,0.04505444
"im not use as well, i think it is bad application, i dont like.",negative,negative,0.5484108924865723,0.5484109,0.3990985,0.052490607
keeps saying photos not found whwn trying to send/ attach to people. using a note <number> <url> its not <url> it <url> pwrfect for what application i needed it for. will try again when i get new phone in a couple weeks.,negative,negative,0.6735794544219971,0.67357945,0.28962263,0.036797903
helpful for book reading,positive,positive,0.6915063261985779,0.02756796,0.2809257,0.6915063
sometimes slow but yet efficient.,positive,neutral,0.5556169748306274,0.0445199,0.555617,0.39986315
for some reason the keyboard doesn't work on my phone. and i can't do couple's bitmojis with my wife. but it's fun to use with her anyhow,positive,neutral,0.6224386096000671,0.03810511,0.6224386,0.33945623
make anoying bc different ring with chat ring,neutral,neutral,0.5460668802261353,0.12426731,0.5460669,0.3296658
"please make the browser application sync-able with android phones. i was able to sync a few days ago, but now it only syncs with an ios account.",positive,neutral,0.6345332264900208,0.18714572,0.6345332,0.17832106
great app. would have been a <number> if avatar could be edited,neutral,positive,0.49816426634788513,0.068304755,0.433531,0.49816427
poor cousin to the desktop app,neutral,negative,0.6655270457267761,0.66552705,0.2907337,0.043739248
i get notification for update but i can't update my bbm. please fix it.,neutral,neutral,0.6307433247566223,0.15524851,0.6307433,0.21400812
it wont let me download its saying it is but not getting it,negative,negative,0.8117053508758545,0.81170535,0.16678485,0.021509765
force closed zenfone <number>,negative,negative,0.5547123551368713,0.55471236,0.33749416,0.10779344
cloud service only idea bites,negative,neutral,0.5465592741966248,0.3044872,0.5465593,0.14895362
i can't sign <url> :'(,neutral,negative,0.4708370864391327,0.4708371,0.43005612,0.09910674
horrible for one reason,negative,negative,0.9069668650627136,0.90696687,0.076724775,0.016308319
<salutation> opening unwanted liks,negative,negative,0.5264889597892761,0.52648896,0.374592,0.09891901
won't let me end chat,negative,negative,0.7576720118522644,0.757672,0.19370143,0.048626613
"nice, but flow could be better.",positive,neutral,0.6542315483093262,0.04102919,0.65423155,0.30473927
it just froze up a few days <url> doesn't work at all when i click on it,negative,negative,0.8615584969520569,0.8615585,0.12191306,0.016528457
the news which displays on the welcome page is very annoying and vulgar have to be very careful when giving it to the children's at home to surf the internet and we had to use other browser in front of others as your front page containt all the vulgarity in news most of the people don't know how to disable news. the option should be visible on the front screen itself,negative,negative,0.5130729079246521,0.5130729,0.40924382,0.077683195
seems impossible to make a review,neutral,neutral,0.6087554693222046,0.29708457,0.60875547,0.09415993
reflow doesn't let you move from what's on the screen. no option to go to specific pages directly (really? scroll through a <number> + page book everytime?),neutral,neutral,0.5450100898742676,0.3780145,0.5450101,0.076975405
low score due to the lack of a dark theme/night mode in <number> !,neutral,neutral,0.5542101263999939,0.36101738,0.5542101,0.084772475
"no floating head, why",negative,neutral,0.5148426294326782,0.3799292,0.5148426,0.10522818
bad on sms blocking,neutral,negative,0.8678694367408752,0.86786944,0.113679565,0.018451015
hated the new update,negative,negative,0.876655638217926,0.87665564,0.10555214,0.017792314
i find it a bit odd that the app doesn't automatically open a file. i have to go to the app and open the file from there.,positive,neutral,0.7354357838630676,0.09461732,0.7354358,0.16994692
the weather people are always wrong they suck,negative,neutral,0.48863887786865234,0.42043853,0.48863888,0.09092262
"no ""go to page"" feature? really?",neutral,negative,0.5015639662742615,0.50156397,0.42530155,0.07313447
caused ipad safari to stop working,negative,negative,0.8217945694923401,0.82179457,0.14933549,0.028869983
it's a good app to communicate with team instantly,positive,positive,0.6915196180343628,0.02241781,0.2860626,0.6915196
garbage. worthless app. i hope someone comes up with one better and more organized for people use. makes no sense. cant navigate. not worth the headache.,negative,negative,0.921488881111145,0.9214889,0.065921076,0.012590035
good but seems to be a battery drainer on lollipop,neutral,neutral,0.6489473581314087,0.034259547,0.64894736,0.31679314
like the funny <url>,positive,positive,0.5857905745506287,0.048783045,0.3654264,0.5857906
"useless app, doesn't work as described",negative,negative,0.9207167625427246,0.92071676,0.06667056,0.012612771
pdf viewer works much smoother and loads faster,negative,neutral,0.6087110638618469,0.062240053,0.60871106,0.32904887
awesome app with awful ux,neutral,negative,0.8282909989356995,0.828291,0.13887519,0.032833826
<salutation> why most of the time. when i finish downloading video and going to play it. it says failed to open its not like this before using old version.,negative,negative,0.4759047329425812,0.47590473,0.4366111,0.08748424
couldn't get edited photos out of lightroom!,negative,negative,0.7367710471153259,0.73677105,0.23078799,0.032440957
the update sucks!!! i lost all the trees i previously unlocked.,negative,negative,0.9249434471130371,0.92494345,0.06280021,0.012256343
the cancellations are confusing and the will double charge,neutral,neutral,0.66549152135849,0.20653282,0.6654915,0.12797569
"great, but eset is going off",positive,neutral,0.5574884414672852,0.06650561,0.55748844,0.376006
it is too slow app.,negative,neutral,0.6108323335647583,0.31844828,0.61083233,0.07071941
good & need more development options,neutral,positive,0.5212947130203247,0.023149889,0.45555535,0.5212947
browsing fast but before download its doing re direct and suggest an other app.,positive,neutral,0.6644630432128906,0.14580753,0.66446304,0.18972938
please fix as soon as <url> cannot send message n dont have received feeds,negative,neutral,0.5090705156326294,0.3663642,0.5090705,0.12456528
too many ads dude,negative,negative,0.4501328766345978,0.45013288,0.4446953,0.10517181
through this app i get amazing deals,positive,positive,0.7474451065063477,0.050612204,0.20194267,0.7474451
very helpful & useful for media <url>,positive,positive,0.7133336067199707,0.03207718,0.25458917,0.7133336
very helpful the apps,positive,positive,0.7214639782905579,0.031430706,0.24710532,0.721464
update screwed the app over,negative,negative,0.898097813129425,0.8980978,0.08628483,0.015617445
i love the variety of fashion styles this app offers. really digging on the poses & emotion statements. emoji id me. a ok,positive,positive,0.746543288230896,0.047377966,0.20607872,0.7465433
except advertising everything is fine,positive,neutral,0.6132152676582336,0.0842308,0.61321527,0.30255398
does what it's meant to do,positive,neutral,0.47766873240470886,0.24679106,0.47766873,0.2755402
it's bad browsing with opera,positive,negative,0.7648811340332031,0.76488113,0.20851058,0.02660836
storm warnings are behind. weather warnings just seams to be behind,neutral,neutral,0.5597352981567383,0.30842125,0.5597353,0.13184342
not really but they had an annoying notification getting me to rate the app so,negative,neutral,0.6784231066703796,0.089636736,0.6784231,0.23194012
was better before they started messing with it. but still a bit of silly fun,neutral,neutral,0.6149964332580566,0.13156858,0.61499643,0.253435
can no longer save locations.,neutral,negative,0.7374626398086548,0.73746264,0.22836576,0.034171578
"i use to like this app. but now the radar animation don't work,and i use to like that. i see it doesn't work for other people either sence the upgrade.",negative,negative,0.5703567266464233,0.5703567,0.37091884,0.058724377
it works but thats it,neutral,neutral,0.6565538048744202,0.09826896,0.6565538,0.24517721
"next update have any problems after i'm updates its say bbm not responding, and refresh page is take a long time, maybe <number> minutes, why the hell??",neutral,negative,0.8543657660484314,0.85436577,0.1282454,0.017388865
"just downloaded it, and haven't had the chance to use it much.",positive,negative,0.5906699895858765,0.59067,0.35865563,0.05067443
inferior to the ios version.,neutral,neutral,0.5451871156692505,0.36568263,0.5451871,0.08913018
"this app just simply doesnt care if i have allowed the data access or not. despite completely stopping the access to mobile data and wifi, it still runs in the background, connects with the internet and receives the texts. extremely intrusive and not something to have installed on your phone. if this is how it behaves, then it can't be trusted. uninstalled.",negative,negative,0.8929632306098938,0.89296323,0.093683936,0.013352858
quick booking. many options.,positive,positive,0.6818152666091919,0.02590548,0.29227927,0.68181527
can't jump to pages. up arrow disappears. at least make it optional for up arrow to stay visible all the time. just plain out aggregating to use.,negative,neutral,0.4903915822505951,0.44047627,0.49039158,0.069132164
very lag and make my phone so slow,negative,neutral,0.5548691749572754,0.3690177,0.5548692,0.07611313
useful and stable application <signature>,positive,positive,0.686143159866333,0.03639547,0.2774614,0.68614316
overall a good app fast downloading and <signature>,positive,positive,0.6655614376068115,0.027895838,0.30654272,0.66556144
good place to work in groups,positive,positive,0.5354567766189575,0.027112747,0.4374305,0.5354568
good application. but needs some improvement,positive,neutral,0.5184773802757263,0.02410002,0.5184774,0.45742264
good app but to much fake news and add,negative,neutral,0.6379024386405945,0.064267196,0.63790244,0.2978303
cool idea with severe (ironic) bug,positive,neutral,0.5711645483970642,0.15402952,0.57116455,0.27480596
this app are clearing all data,neutral,negative,0.838365912437439,0.8383659,0.13511574,0.026518358
good for a waytomake moneyon the side,neutral,neutral,0.5785545110702515,0.04353734,0.5785545,0.37790817
it is very nice app,neutral,positive,0.6885194182395935,0.027136004,0.28434455,0.6885194
"best editing software. ui is easy , but please remove the trial",positive,neutral,0.6712167859077454,0.061498128,0.6712168,0.26728502
not visible in app tray!,positive,negative,0.7008815407752991,0.70088154,0.25661758,0.042500876
the only thing i would do different is make this available on facebook i can't access it for my posts. had to uninstall and reinstall as it stopped working.,neutral,negative,0.8029518127441406,0.8029518,0.16865629,0.028391885
"would have been a perfect app excet for the fact that you cant insert the icon into your current text, but have to start a new one(text) <url> , and with every icon!",neutral,neutral,0.6033873558044434,0.10255198,0.60338736,0.2940606
some issues in confirming the booking.,neutral,neutral,0.6702072620391846,0.12523192,0.67020726,0.2045608
pls also cover news of intl. importance,neutral,positive,0.4347509443759918,0.1429484,0.4223007,0.43475094
very easy to navigate,positive,positive,0.6578528881072998,0.031827938,0.31031916,0.6578529
won't stop shutting down. reported several times,negative,negative,0.8148380517959595,0.81483805,0.15769352,0.027468415
easy and very helpful,positive,positive,0.7546401023864746,0.029259147,0.21610071,0.7546401
"there is a problem, at least in this version, each time i try to view an already downloaded city guide while i'm online, always displays the search page for hotels <url>",neutral,neutral,0.6508219838142395,0.16573077,0.650822,0.18344721
i am just downloading the app after completion i'll increase or decrease the rating based on the app performance,neutral,neutral,0.6080838441848755,0.22985028,0.60808384,0.16206583
"notif now okay, ads still not ok",positive,neutral,0.5033641457557678,0.43538976,0.50336415,0.06124615
"great app, too bad i'm on android.",positive,negative,0.8625780940055847,0.8625781,0.11775335,0.019668637
"it's is very effective app , but it takes too much time in opening",neutral,neutral,0.5381094813346863,0.02942652,0.5381095,0.43246403
same bad it is good for search and for download but it is no to much good when i open uc browser on it home sreen or default and not save language option for my side not good,neutral,neutral,0.7091267704963684,0.18988988,0.7091268,0.10098341
not good for me,negative,neutral,0.5983549356460571,0.31785434,0.59835494,0.08379067
it's good for few days later it is not working well,neutral,neutral,0.7442002296447754,0.050956544,0.7442002,0.20484324
"keeps crashing. really looked fwd to checking it out, but crashes all the time. the few times it worked the timer got messed <url> work it out!",neutral,negative,0.6980640292167664,0.698064,0.25652856,0.045407377
the worst - yet the only <url> ckck,negative,negative,0.8730363249778748,0.8730363,0.10550048,0.021463217
i love this app!it really helped me! devs keep on fixing and constantly improving on the app. worth any all in app purchases (which are very cheap btw). just missing a widget! &lt;/ <number>,negative,positive,0.6272006630897522,0.09328181,0.27951756,0.62720066
my bbm very slow .. what happen ??,negative,negative,0.4833648204803467,0.48336482,0.45235866,0.064276576
i like booking in my computer,neutral,positive,0.6876891851425171,0.035690114,0.27662072,0.6876892
i like this app,positive,positive,0.7487946152687073,0.034938544,0.21626692,0.7487946
can't do or find anything on the app,negative,negative,0.5365628004074097,0.5365628,0.4157381,0.04769911
why open raw files ?,positive,neutral,0.5727070569992065,0.2893009,0.57270706,0.13799207
"all but useless in europe. slow to update and most features just don't work here at all. added a daily weather report, great! oh wait, it describes only one <url>",negative,negative,0.7850010991096497,0.7850011,0.18393801,0.031060841
something very wrong with the app,negative,negative,0.8756321668624878,0.87563217,0.10781247,0.016555281
iterate this app more then ads,negative,neutral,0.5491548776626587,0.14309403,0.5491549,0.30775106
old seen should not repeat please,neutral,neutral,0.43351104855537415,0.42354336,0.43351105,0.14294551
great app for traveling,positive,positive,0.7114056944847107,0.03939324,0.24920104,0.7114057
was so great <url> but <url>,negative,neutral,0.579505443572998,0.17916787,0.57950544,0.2413267
it's a nice app,positive,positive,0.6989714503288269,0.022620741,0.27840784,0.69897145
i love this service,positive,positive,0.7017579674720764,0.08851585,0.20972615,0.70175797
larry delaney like it,neutral,positive,0.5050827264785767,0.081568494,0.41334876,0.5050827
not working with google messenger,neutral,negative,0.7855038046836853,0.7855038,0.1874694,0.027026834
"i am enjoying the app very much, it was recommended by my nephew and it is everything that he said it would be!!",positive,positive,0.7374933958053589,0.053164236,0.20934245,0.7374934
really only works with small documents and even then runs into freezes on motorola droid. no page jump which for books is necessary,negative,neutral,0.6284893155097961,0.24315228,0.6284893,0.12835838
"i used to really love this app until it started killing my trees just for receiving a notification that i hadn't opened yet. advanced detection is not on. may as well turn the phone off, but i use it for music.",negative,neutral,0.5969577431678772,0.18030289,0.59695774,0.22273932
crashes immediately after startup - can't use it!,negative,negative,0.8882722854614258,0.8882723,0.09649822,0.015229413
can't login to bbm,negative,negative,0.5361064672470093,0.53610647,0.40481567,0.059077844
an very much useful application,positive,positive,0.6202606558799744,0.041026823,0.33871254,0.62026066
works great except a few things,positive,positive,0.5541788935661316,0.0666952,0.3791259,0.5541789
"<salutation> awful interface lacking any true customisation, yet another chat app that brings nothing new to the table and steals ideas from discord, an exercise in reinventing the wheel which hasn't been updated in years and crashes all the time. also i wouldn't trust this app if you value your privacy. avoid like the plague.",negative,negative,0.8965985178947449,0.8965985,0.08915957,0.014241914
good for editing bad for storage,neutral,neutral,0.70904541015625,0.100070484,0.7090454,0.19088405
"it's <url> only downside is can't make just any emotion, but overall great",positive,positive,0.6272575855255127,0.03212416,0.34061828,0.6272576
used to work . please fix,negative,negative,0.7462762594223022,0.74627626,0.21768428,0.03603943
it would be great if there's a feature where i can sort my files in folders because it is irritating to find a certain file in my sea of different subjects.,positive,neutral,0.5857782363891602,0.031337224,0.58577824,0.3828846
one thing that uc devs definitely do is to remove ads and news <url> page is annoying if we want to read then will go in news site,negative,neutral,0.5926355719566345,0.24961609,0.5926356,0.15774831
nice to be back,positive,positive,0.5498684048652649,0.0501144,0.4000172,0.5498684
"in all, we have to check this.",neutral,neutral,0.509766697883606,0.13258746,0.5097667,0.3576458
freezes on some files,neutral,neutral,0.48695650696754456,0.4091496,0.4869565,0.10389389
cannot save progress without spending money.,negative,negative,0.5719836354255676,0.57198364,0.3773155,0.05070086
greatly helpful. i like it,positive,positive,0.7757834196090698,0.027175289,0.19704129,0.7757834
can't even spell sydney right,negative,negative,0.6476506590843201,0.64765066,0.29544565,0.05690365
can't even create an account,negative,negative,0.8286706209182739,0.8286706,0.14976352,0.021565799
nice app but you put extra features in this app but app is good,neutral,neutral,0.6029134392738342,0.034555573,0.60291344,0.362531
"good, but better without all those ads like other free messengers such as whatsapp, telegram, etc",neutral,neutral,0.6662300229072571,0.031894717,0.66623,0.3018753
wow. useless. hated it. <number> stars. (if i <url> ),negative,negative,0.924242377281189,0.9242424,0.062049672,0.013707922
"bloated, glorified chat. i use it because my company obliges me to do so.",negative,negative,0.741678774356842,0.7416788,0.20589623,0.05242494
it dors ansolutely nothing. wastef my time!,negative,negative,0.9087333083152771,0.9087333,0.078158535,0.013108222
superb editing in this,neutral,positive,0.6724964380264282,0.044395983,0.2831076,0.67249644
"generally very good & helpful, with some good prices. free cancellation option is extremely useful.",positive,positive,0.6874774098396301,0.02410748,0.2884151,0.6874774
"the ""i'm listening to"" <url>",positive,neutral,0.45824524760246277,0.19234018,0.45824525,0.34941465
"solid app, but lacking in the tablet ux area",positive,neutral,0.7483543753623962,0.093163654,0.7483544,0.15848203
let people to create more characters,neutral,neutral,0.5367771983146667,0.05056103,0.5367772,0.4126618
app is good brower is so fast but news section in uc brower is the worst thing in the world,neutral,neutral,0.5706064701080322,0.3143085,0.57060647,0.11508505
"it is good easy to use , but why i have to download opera browser to download any videos from uc browser please fix this problem .",neutral,neutral,0.6839523315429688,0.04038747,0.68395233,0.27566025
it worked better before the <url> anything posted is hard to see and get to.,neutral,neutral,0.5702848434448242,0.25138846,0.57028484,0.17832665
can't apply for instagram. please updated,neutral,negative,0.4634217917919159,0.4634218,0.44504026,0.091537975
image size goes from <number> mb to <number> kb else fine.,neutral,neutral,0.6677337884902954,0.090842046,0.6677338,0.24142413
please enable apps <number> sd immediately. <signature>,negative,neutral,0.5378201007843018,0.20943636,0.5378201,0.25274354
like the app but the don't update rainfall very often.,positive,neutral,0.6920405030250549,0.07158124,0.6920405,0.23637828
i liked <url> the size of this app is <url> is better,positive,positive,0.5154725909233093,0.07137184,0.4131556,0.5154726
this app is extremely bloated. for the functionality provided it should fit within <number> mb without issues.,negative,negative,0.4601472020149231,0.4601472,0.45792398,0.081928745
half assed. uninstall! droid ally,negative,negative,0.9278196096420288,0.9278196,0.06035681,0.01182359
quite nice - would be useful to edit posts from mobile,positive,positive,0.5540518164634705,0.025548326,0.4203998,0.5540518
app <number> f. temp <number> f,negative,neutral,0.47221657633781433,0.3388191,0.47221658,0.18896441
too many update it's annoying,neutral,neutral,0.6527225971221924,0.21496996,0.6527226,0.13230743
not responding to phone calls or emails. no customer service at all.,negative,negative,0.7621692419052124,0.76216924,0.21221197,0.025618782
thanks for fixing the problem,negative,positive,0.5698188543319702,0.045909684,0.3842714,0.56981885
room rate at times is misleading subject to additional charges,neutral,neutral,0.5576208233833313,0.33131754,0.5576208,0.11106166
access to files/photos/media,negative,neutral,0.5741868019104004,0.20268346,0.5741868,0.22312976
"best messaging app, not so great for file sharing though",positive,neutral,0.7005216479301453,0.065080106,0.70052165,0.23439825
they want to much access,neutral,neutral,0.5213085412979126,0.32663986,0.52130854,0.15205163
"would love more clothing choices, glasses and skin tones.",neutral,positive,0.7033860087394714,0.02926492,0.26734906,0.703386
line freecall is better than bbm freecall,neutral,neutral,0.6641818881034851,0.10710697,0.6641819,0.22871108
this app very nice & use very easy,neutral,positive,0.7496598362922668,0.024354829,0.22598532,0.74965984
make the dp full hd,neutral,neutral,0.6088975071907043,0.10849334,0.6088975,0.2826091
good if it doesn't has annoying news banners,positive,neutral,0.7412492632865906,0.044063833,0.74124926,0.21468687
please make the lite variant of this app for smartphones with less storage.,negative,neutral,0.5898807644844055,0.09037321,0.58988076,0.3197461
age group <number> to <number> years old,negative,neutral,0.4886314570903778,0.287288,0.48863146,0.22408058
takes a lot of space,negative,neutral,0.5463711023330688,0.2837675,0.5463711,0.16986138
trible app. ui is horrible.,negative,negative,0.9157236218452454,0.9157236,0.07160664,0.012669711
loved the app very much,positive,positive,0.4235813617706299,0.24389364,0.33252496,0.42358136
this bbm is not working on my galaxy s <number> edge why,neutral,negative,0.7359150648117065,0.73591506,0.22903548,0.035049524
it's great <url>,neutral,positive,0.6858163475990295,0.04147932,0.27270436,0.68581635
where is option for timer,negative,neutral,0.6978055238723755,0.08881295,0.6978055,0.2133815
well not. so good work but. some what.,neutral,neutral,0.7261377573013306,0.05463749,0.72613776,0.21922478
this could be great <url>,neutral,neutral,0.5813604593276978,0.07866612,0.58136046,0.33997342
take too much space or ram to run,neutral,neutral,0.6826876401901245,0.18540318,0.68268764,0.13190913
very useful. ive used the app many times in the last few years. hv even referred others by telling them directly. wish full address address of property could be included even before booking. thats my only complaint.,positive,positive,0.6025269627571106,0.043741234,0.35373184,0.60252696
i love it but she doesn't look like me after making so many changes!!,positive,neutral,0.5150871872901917,0.1726392,0.5150872,0.31227365
"it's ok, but since it appears to have basic reflow why can't we have white text on black background to save battery?",neutral,neutral,0.7766157388687134,0.03061398,0.77661574,0.1927702
great!!! amazing tool for textbooks in pdf <url> i use it on my lenovo tab <number> <number> plus and it works awesome. most of my medical textbooks converted in pdf run absolutely fine with this app.,positive,positive,0.7535439729690552,0.03855151,0.20790456,0.753544
bothering me for a rating,neutral,neutral,0.55116868019104,0.3220749,0.5511687,0.1267564
it works great until you need to use another app. even when i whitelist apps my tree still withers,neutral,positive,0.48899388313293457,0.054198235,0.45680788,0.48899388
good weather overview. occasionally buggy (no pun intended).,positive,neutral,0.5243600606918335,0.03680223,0.52436006,0.43883774
when it works is great,neutral,neutral,0.5222355723381042,0.21802571,0.5222356,0.2597387
radar map doesnt work at all since last update. please fix and get <number> stars,negative,negative,0.8779177665710449,0.87791777,0.10681357,0.01526871
"how do i use on facebook,?",negative,neutral,0.5266097784042358,0.2860067,0.5266098,0.18738355
used to be my favorite app,negative,negative,0.7834035754203796,0.7834036,0.18356782,0.033028588
its all good except for one thing.,neutral,neutral,0.628294050693512,0.026577188,0.62829405,0.34512874
to good to be true,positive,neutral,0.500960648059845,0.14886157,0.50096065,0.35017774
this app is useful for me,positive,positive,0.692258358001709,0.029612081,0.27812955,0.69225836
"only worked for a day, then the app would never open and kept saying there was a error. uninstalled the re-installed <number> times never worked again",negative,negative,0.9184723496437073,0.91847235,0.069350764,0.012176917
not able to open pdf's downloaded to sd <url>,negative,neutral,0.4744248390197754,0.45991445,0.47442484,0.06566072
slow and crashes dinc v <number> . <number>,negative,negative,0.5718752145767212,0.5718752,0.37249404,0.05563066
"easy to use, fairly accurate!",positive,positive,0.7425008416175842,0.025297275,0.23220184,0.74250084
its a usefull app for informal office communication.,positive,positive,0.7448036670684814,0.028546654,0.22664969,0.74480367
"facebook face detection doesn't work, so you have to start from scratch. also not enough selection to choose from.",neutral,negative,0.5170782804489136,0.5170783,0.43283334,0.050088406
more than one and add more stuff. (stuff to make the avatar),neutral,positive,0.4782865643501282,0.06616994,0.4555435,0.47828656
i can't play it that sucks,negative,negative,0.7474983334541321,0.74749833,0.21291454,0.03958711
crashes during import htc one m <number>,negative,negative,0.7439154386520386,0.74391544,0.21270831,0.043376233
does exactly what it says. i like it.,positive,positive,0.7265843749046326,0.0368021,0.23661347,0.7265844
i think this app is good,positive,positive,0.5508133172988892,0.026230326,0.42295635,0.5508133
great app. free cancellation should be indicated per hotel before booking.,positive,positive,0.6621478199958801,0.05248939,0.2853628,0.6621478
"it's great for pdf, i only wish it supported other book formats like epub or mobi",positive,positive,0.5824815034866333,0.027572121,0.38994637,0.5824815
"stopped working and deleted everything after a week, pretty poor i'd say",negative,negative,0.8436668515205383,0.84366685,0.13562502,0.020708192
"a couple days ago, started telling me it can't attatch the emoji to my texts, that just stinks! i have a galaxys <number>",negative,negative,0.866054117679596,0.8660541,0.11678049,0.017165387
overall very useful app. i only don't like the fact that also sold-out hotels are shown. can be quite frustrating.,positive,neutral,0.5203557014465332,0.0407519,0.5203557,0.4388924
works well. it could have been better if approximate dates were allowed in search form.,positive,neutral,0.5328131914138794,0.04027467,0.5328132,0.4269121
still not as good as it could be!,neutral,neutral,0.546463131904602,0.3520431,0.54646313,0.10149378
for more information about this review go to <url>,negative,neutral,0.4872380495071411,0.1306877,0.48723805,0.38207418
its been <number> years im using uc browser i gave a feedback that in uc browser we can't download videos directly to sd <url> have given a feedback about this past <number> years back but still uc team have not sloved my <url> service i request google team to please remove this uc browser from google <url> dnt need this kind of careless team ..,negative,negative,0.8480671048164368,0.8480671,0.1332164,0.01871663
awesome app to find any <url> it,positive,positive,0.7258306741714478,0.038838502,0.23533079,0.7258307
ok permissions fix. i've updated and given back two of the four stars i'd dropped.,neutral,neutral,0.7013533115386963,0.10581876,0.7013533,0.19282795
i love the idea but can we get a weekly forest too?? that would be quite motivating!,neutral,positive,0.5864217877388,0.0339504,0.37962776,0.5864218
it's very good for edit photos and make photos and make a design of any things,positive,positive,0.6558707356452942,0.027998373,0.3161309,0.65587074
"i really love the lightroom software for laptops and other devices, but i don't find the app really convincing when compared to the software as you just miss so many options in the app",neutral,neutral,0.6581314206123352,0.076317966,0.6581314,0.26555064
"latest version is <number> . <number> . <number> , last updated on <number> th september <number> . uninstalled as abandoned. desktop is already at <number> . <number> .",negative,negative,0.9238925576210022,0.92389256,0.0636081,0.012499383
just click the back button and my tree will still <url> and i don't think i have the whitelist edit- i think your tree only dies when you open another app that isn't on your whitelist or else the list is <url> am i wrong?,positive,negative,0.6223823428153992,0.62238234,0.3325235,0.045094118
adobe products are awsome,positive,neutral,0.5728611946105957,0.2374016,0.5728612,0.18973725
latest update fails to install with 'unknown reason - <number> ',neutral,negative,0.7555126547813416,0.75551265,0.2123077,0.032179624
"the app syncs messages too slowly and marking messages as ""read"" is buggy.",neutral,neutral,0.7049553394317627,0.1816241,0.70495534,0.11342056
"great service, terrible app. the app doesn't seem work with mobile internet which makes it mostly useless.",negative,negative,0.9204331636428833,0.92043316,0.06754385,0.012023043
now <number> % harder to use,negative,neutral,0.4766976535320282,0.4328137,0.47669765,0.09048859
marginal but still better than others i have tried.,neutral,neutral,0.6622177362442017,0.063749775,0.66221774,0.2740325
the app doesn't provide multiple tabs at a time. it would be great if its possible.,positive,neutral,0.6941817998886108,0.049968947,0.6941818,0.25584927
good app and uesfull,negative,positive,0.6802611947059631,0.032675046,0.28706384,0.6802612
only hate the <url>,positive,neutral,0.41794055700302124,0.3568016,0.41794056,0.2252578
"i was using it every day and i think it was brilliant, even upgraded to paid version but since last update i haven't been able to access it at all as it keeps crashing. please fix it.",neutral,neutral,0.5403041243553162,0.3201975,0.5403041,0.13949837
wont work for saml integration,neutral,negative,0.8795362710952759,0.8795363,0.10573458,0.014729178
good but ads are annoying,neutral,neutral,0.6455440521240234,0.035361744,0.64554405,0.31909418
"app works fine, but it is very disappointing that there is no possibility to just use the map to find available accommodation. you always have to fill a place to search, but mostly i just want to browse and see what's available, regardless of the location.",neutral,neutral,0.6917794942855835,0.03878829,0.6917795,0.26943222
worst app and if it is install u r phone become a virus attack,negative,negative,0.9101195931434631,0.9101196,0.07652944,0.013350896
not what i'd expect from the creators,neutral,neutral,0.4901413321495056,0.42288482,0.49014133,0.08697384
"won't leave my facebook, like a <url>",negative,negative,0.8558673858642578,0.8558674,0.12325596,0.020876626
ads is an inconvenient thing so far,positive,negative,0.6112154126167297,0.6112154,0.34246582,0.046318695
"i like the interface , it's really good. for me, i feel it would be nice to have a look up option when we right-click on words . it's functionality is to link up words to our dictionary apps. <signature>",positive,positive,0.6697002649307251,0.021269647,0.30903006,0.66970026
good but many <url>,positive,neutral,0.6390646696090698,0.036348168,0.63906467,0.32458714
requires photos to be imported into lightroom. i know this has how the desktop version but wish the mobile version was faster and easier to use.,neutral,neutral,0.684893786907196,0.068951525,0.6848938,0.24615467
miss tabs to move between open docs. otherwise is fab.,positive,neutral,0.6377215385437012,0.19422534,0.63772154,0.1680531
"they stole from me i wanted a refund and because the manager of the hotel i chose treated me indifferently all because i wasn't <number> and so i emailed their "" <number> hour customer service"" and never got helped. lost $ <number> . don't use this app it is a trap.",negative,negative,0.9061818718910217,0.9061819,0.08125382,0.01256435
my ag fans love the photos i do,positive,positive,0.720726490020752,0.06640825,0.21286528,0.7207265
this app would be perfectly awesome if it worked with the keyboard on my tablet so that i could use it in facebook when i <url> without white backgrounds,neutral,positive,0.5180796384811401,0.037332505,0.4445879,0.51807964
"why my friends can retract or delete their messages, while i can't? i don't know what bb phone or android they have.",neutral,neutral,0.6102576851844788,0.2634798,0.6102577,0.1262625
it sucks non free things to choose from,negative,negative,0.8270885944366455,0.8270886,0.15058541,0.022326047
this is very good app for downloading,positive,positive,0.6654493808746338,0.030448379,0.30410224,0.6654494
not accurate information all the time,neutral,neutral,0.6959059238433838,0.16256034,0.6959059,0.14153379
cannot show my reserved bookings,negative,neutral,0.4842144250869751,0.4324307,0.48421443,0.08335483
i love this app,positive,positive,0.7098275423049927,0.081445955,0.20872647,0.70982754
my company forces me to use this app.,neutral,negative,0.852083683013916,0.8520837,0.12592342,0.021992868
it's hard to cancel a booking when <url> to use,neutral,neutral,0.6779505014419556,0.19867817,0.6779505,0.12337133
won't open email attachments,negative,negative,0.8612010478973389,0.86120105,0.12109461,0.017704409
couldn't find a better suited search app. compliments to the team. trivago couldn't find these many options.,positive,neutral,0.5171840786933899,0.4032677,0.5171841,0.07954823
"simple to use, don't seem to be able to see complete booking information",positive,neutral,0.70450359582901,0.10369735,0.7045036,0.19179904
absolutely one of the <signature>,positive,positive,0.6962944269180298,0.060444117,0.24326143,0.6962944
i like the reading mode specially. but sometimes it crashes.,positive,neutral,0.5816407799720764,0.05913042,0.5816408,0.3592288
sounds and digital mixer cansol,positive,neutral,0.4724522531032562,0.11731179,0.47245225,0.410236
"lacks a lot of basic features such as bookmarks and ""goto page"". thinkoffice does a better job.",negative,neutral,0.7142731547355652,0.1453232,0.71427315,0.14040363
much better than asana,positive,neutral,0.5710557699203491,0.12472921,0.57105577,0.30421507
better on my windows phone,negative,neutral,0.5807796120643616,0.06895018,0.5807796,0.35027018
it's good but always show on screen when i switch on my home screen,neutral,neutral,0.5726723670959473,0.024374137,0.57267237,0.4029535
this app is my go to when i need to know about the weather.,positive,positive,0.6609341502189636,0.044171013,0.29489487,0.66093415
"okay but not great, and not really improving",neutral,neutral,0.7915855646133423,0.071059234,0.79158556,0.13735525
it should have pause option,neutral,neutral,0.7117555737495422,0.06655006,0.7117556,0.22169437
"all is good in this app except i couldn't see any hdr option while clicking photos, may be since i use oneplus one, which also has high processing power and advanced chipset enough to support this app. so they should support many more devices like this! hope the support arrives in next update itself.",neutral,neutral,0.656007707118988,0.044375986,0.6560077,0.2996163
"professional app , useful for office purpose , easily connect to office by mobile but too much heavy unable to send messages on slow network.",positive,neutral,0.5356884598731995,0.04068632,0.53568846,0.4236252
update is not starting after clicking on update button,negative,negative,0.6094836592674255,0.60948366,0.338981,0.051535316
hate it since the update,negative,negative,0.8766703009605408,0.8766703,0.10611597,0.017213814
tired of getting ripped off.,negative,negative,0.5693672895431519,0.5693673,0.3703658,0.06026692
had to sleep in the truck!,negative,negative,0.8179978728294373,0.8179979,0.1560506,0.025951594
radar stopped working. i would've given <number> star rating if it worked.,negative,negative,0.7252923250198364,0.7252923,0.22644733,0.048260335
worst experience in goa,negative,negative,0.9166109561920166,0.91661096,0.07022403,0.013164964
like it because it syncs better,positive,positive,0.5417842864990234,0.033920676,0.42429504,0.5417843
i can connect to my friends.,positive,positive,0.6647852063179016,0.03452968,0.30068514,0.6647852
i love this app,negative,positive,0.7098275423049927,0.081445955,0.20872647,0.70982754
fantastic app for downloading and easy to use,positive,positive,0.7532374858856201,0.028138861,0.21862362,0.7532375
"unable to change alert sound. not in options. unable to enable alerts per channel, on all or keywords and direct. closer to a beta than an app.",negative,neutral,0.5209165215492249,0.41435015,0.5209165,0.064733334
so much fun! makes people laugh.,positive,positive,0.665737509727478,0.06461073,0.26965177,0.6657375
similar to all other photo editing apps. doesn't stand out from ythe rest.,neutral,neutral,0.6183474063873291,0.28308237,0.6183474,0.09857022
the quality of display picture is so bad,neutral,negative,0.7667174339294434,0.76671743,0.2049623,0.028320266
this app is very fast,neutral,positive,0.6025482416152954,0.045427963,0.35202378,0.60254824
dear friends do not install this browser. this browser is pathrtic <url> will ads and ads on this .really annoying,negative,negative,0.8372325301170349,0.83723253,0.14154258,0.021224948
please fix so i can type!,negative,neutral,0.5159507989883423,0.23138453,0.5159508,0.2526647
able to provide sufficent info regarding hotel that want to be rent,positive,neutral,0.6446134448051453,0.11583921,0.64461344,0.23954739
they make you pay to create an account!! this is outrageous.,negative,negative,0.9130591154098511,0.9130591,0.07223406,0.014706802
"it's a great concept for assosiating a reward to focus for those of us who struggle; however, my tree withers when someone phones me and i don't answer which is obviously a piss off.",positive,neutral,0.5252360105514526,0.048179634,0.525236,0.42658433
really a very good app,positive,positive,0.686073899269104,0.03646763,0.2774585,0.6860739
awesome app! it will be better if you sync all your timers on your phones and chrome/mozilla extension. because i have to start to plant on my <number> phones and my browers when i'm working when you can do it just once and all your timers will start automatically. i hope you do it!,positive,positive,0.7123376131057739,0.034449715,0.25321266,0.7123376
this app is very nice,positive,positive,0.6600531935691833,0.036609154,0.3033377,0.6600532
"this app is super cute! my only complaint is that there is no piercing section! i have <number> piercings and would really like to at least have a nose ring! or maybe earrings? also think you should be able to customize outfits, like pick a shirt, bottoms, and shoes! instead of just the premade outfits.",positive,positive,0.6942237615585327,0.030627973,0.27514824,0.69422376
"app is okay but has superfluous things that i will never use. including every option is okay but the ideal app would allow for complete customization of components and page information that is pertinent to the user and where they are located. additionally, collecting metrics on what users actually use versus what is weak allows for improved development of the weaker app areas. that said, i have used this app for a long time with little cause for complaint.",neutral,neutral,0.6878835558891296,0.048199456,0.68788356,0.26391697
could you please add an option for exporting photos using the png format? it would be very handy.,neutral,positive,0.5106478333473206,0.02905268,0.46029946,0.51064783
i like the reflow feature. but useless for me as i can't search nor skip to a specific page (have to scroll through entire books),negative,neutral,0.7151714563369751,0.121067144,0.71517146,0.16376135
"simple yet effective. would be great if the app had more customisation options like moving the plants around, changing the colour etc.",positive,positive,0.5127457976341248,0.028688928,0.45856532,0.5127458
uc brouser is <signature>,positive,neutral,0.43030881881713867,0.1854009,0.43030882,0.38429022
not starting since last update. please see to it. i gave <number> star so you can quickly check my issue. my phone is note <number> neo n <number>,positive,neutral,0.4798251688480377,0.40783525,0.47982517,0.11233956
doesn't work properly on nova launcher,neutral,negative,0.884872317314148,0.8848723,0.100205965,0.0149217285
"useful, informative and helpful <signature>",positive,positive,0.7582662105560303,0.0324214,0.20931241,0.7582662
still no floating head!! disappointed,negative,negative,0.7901752591133118,0.79017526,0.1775891,0.0322356
this app sucks now,negative,negative,0.9239189028739929,0.9239189,0.06287418,0.013206927
it can't find my photos,negative,negative,0.524276614189148,0.5242766,0.38317358,0.09254986
what happened to my little shortcut!? or used to stay open in all my messaging <url> now it's gone!!,negative,negative,0.9097148776054382,0.9097149,0.07587141,0.014413725
stable and functional but not totally user friendly.,neutral,neutral,0.6715251207351685,0.045904335,0.6715251,0.28257054
this is good <url>  downloading movies but many. ads are come in between browsing,neutral,neutral,0.6972828507423401,0.037651643,0.69728285,0.26506558
i don't like the company not the app,negative,neutral,0.5354540348052979,0.37015364,0.53545403,0.09439235
"great app but would love to have better clothing styles. maybe peacoats, pencil skirts etc. <signature>",positive,positive,0.6490350365638733,0.028277757,0.3226872,0.64903504
radar map will not move. it hasn't been accurate either.,negative,negative,0.6341265439987183,0.63412654,0.32527247,0.040600974
"simplistic, designed to exceed expectations and overcome limitations.",positive,neutral,0.6354727149009705,0.095399365,0.6354727,0.2691279
<url> sometimes it's gone <url> hate slow,neutral,neutral,0.4609316885471344,0.38722154,0.4609317,0.15184675
"i would use it more but i dont like that it has to start a new message, would be better if it would just add to the convo on the screen",neutral,neutral,0.6865554451942444,0.04236734,0.68655545,0.27107716
very bad app. it is forcing to instal. i think it is a virus.,negative,negative,0.9175163507461548,0.91751635,0.069542445,0.0129412385
better if no trial period and unlimited use for free,positive,neutral,0.6443836092948914,0.0448182,0.6443836,0.3107982
great but needs presets access,neutral,neutral,0.5820173621177673,0.042156704,0.58201736,0.37582597
each time it simply keeps saying that my phone has <url> disgusting,negative,negative,0.7518554925918579,0.7518555,0.20510703,0.043037504
keeps documents in line. i really like this application!,positive,positive,0.749966561794281,0.042733513,0.2072999,0.74996656
anyone video download stop and very slow download,negative,negative,0.553924560546875,0.55392456,0.3958609,0.050214525
used to work but no longer does. writing this review while my is growing :/,neutral,negative,0.541500449180603,0.54150045,0.37716177,0.08133775
limited options but fun,neutral,neutral,0.6202077865600586,0.037320595,0.6202078,0.34247157
would give better but have'nt used much yet,negative,neutral,0.6870585083961487,0.05245396,0.6870585,0.26048753
"app ok, but temp doesn't update in notification bar",neutral,neutral,0.7929914593696594,0.06757179,0.79299146,0.13943672
no way to redeem tickets.,neutral,negative,0.8938699960708618,0.89387,0.09207753,0.014052467
"silly app , it would let me open google while it will kill the plant if i open calculator or dictionary",negative,negative,0.7830859422683716,0.78308594,0.1850899,0.03182413
"wow, such a pos!",negative,positive,0.5882766246795654,0.12836011,0.28336325,0.5882766
is a great app but since the update a couple of days ago i can't get radar to work. tried uninstalling and reinstalling but doesn't work.,positive,neutral,0.49847307801246643,0.42582503,0.49847308,0.07570194
"i hate start up with system, i don't use it frequently",negative,negative,0.8399592041969299,0.8399592,0.1392289,0.020811915
push notifications not working,negative,negative,0.63087397813797,0.630874,0.31963238,0.04949362
good combination with acrobat reader. it's quite clear,positive,positive,0.6705541610717773,0.024303516,0.30514228,0.67055416
nice. update it to be more digital. very clear,positive,positive,0.6518521904945374,0.037481662,0.3106661,0.6518522
nice but sometimes hanging,positive,neutral,0.5528162717819214,0.042923857,0.5528163,0.40425983
still getting to know it,positive,neutral,0.5009487271308899,0.21239574,0.5009487,0.28665555
i use it for reading articles and it's fine. would be useful to be able to open two articles at once for cross reference but otherwise happy with the app,positive,positive,0.671636164188385,0.02194159,0.30642223,0.67163616
its better than others,neutral,neutral,0.6183719635009766,0.055770125,0.61837196,0.32585785
does not work. in play store not listed as trial .come on adobe you stop down loads from your services now products do not work and listed as free we hen really a trial,negative,negative,0.9200451374053955,0.92004514,0.06780197,0.012152903
almost a good editor,positive,positive,0.5486460328102112,0.039481703,0.41187227,0.54864603
not able to download new <url>,neutral,negative,0.5213375091552734,0.5213375,0.42427233,0.05439011
"so i create a pdf using an adobe program, then send it to my phone to see what it looks like, but it won't open! pretty lame if you ask me.",negative,negative,0.7356384992599487,0.7356385,0.23325984,0.031101609
sometime can't change display picture at asus zenfone <number> . please fix,negative,neutral,0.628377377986908,0.15373781,0.6283774,0.21788481
really nice concept but on android it just keeps hanging and eventually crashing.,negative,neutral,0.6567411422729492,0.16162288,0.65674114,0.18163598
doesn't work on my phone. always error,negative,negative,0.9078238010406494,0.9078238,0.078636415,0.013539724
slackbot opens every time i start to type a reply in the app. started happening with the last update (note <number> ). why can't we disable slackbot? <number> star until we get this ability.,negative,negative,0.5574464201927185,0.5574464,0.37289378,0.069659784
"complex app that covers all sorts of things related to travelling, maybe too many",positive,positive,0.6648094654083252,0.03639975,0.29879075,0.66480947
great and more awesome,positive,positive,0.728100061416626,0.05295265,0.2189473,0.72810006
not what i asked for,negative,negative,0.6862917542457581,0.68629175,0.26785392,0.04585432
i wish you would show canadian maps,neutral,neutral,0.5426154732704163,0.057877824,0.5426155,0.3995067
you don't allow to take in-app screenshots?,neutral,neutral,0.4833028316497803,0.43398547,0.48330283,0.08271178
how about date birth,negative,neutral,0.5823531150817871,0.19076474,0.5823531,0.22688213
"works great, other then not being able to delete content directly from phone.",neutral,neutral,0.6494223475456238,0.11730724,0.64942235,0.23327042
can't copy/paste or add keyboard to android,negative,neutral,0.6064605712890625,0.3192334,0.6064606,0.07430607
can't even create a account tried more than <number> times,negative,negative,0.7476841807365417,0.7476842,0.22260377,0.029712018
fast and good but missing features.,neutral,neutral,0.5955287218093872,0.035110276,0.5955287,0.36936098
cannot get rid of floating head in my messages and it's driving me mad. i've had to uninstall the app to get rid of it &gt;:-/,negative,negative,0.8719203472137451,0.87192035,0.11320398,0.014875663
"love this app. i use it to study, but i answered a phone call and it wilted my tree. i can't really help when i receive phone calls. this one had to be answered and now i have to look at a wilted tree in my beautiful forest. i am upsetti spaghetti since i'm a perfectionist",positive,neutral,0.5699024796485901,0.17208394,0.5699025,0.2580136
this app is slowly work,neutral,negative,0.45549529790878296,0.4554953,0.4435156,0.100989155
no instructions on how to delete files/pages viewed.,neutral,neutral,0.5602397918701172,0.36743283,0.5602398,0.07232732
it helps a lot.,positive,positive,0.6539312601089478,0.037022106,0.30904657,0.65393126
"need to improve performance, usablity, and <url>",neutral,neutral,0.6417361497879028,0.08161373,0.64173615,0.2766502
multiple image share option is missing,neutral,neutral,0.6852028369903564,0.10735875,0.68520284,0.20743836
"i like the functions, but",neutral,neutral,0.6523771286010742,0.045277078,0.6523771,0.3023458
why don't you just block us all?! =d =d =d,negative,neutral,0.45323121547698975,0.4432999,0.45323122,0.10346896
easy to find hotel,neutral,positive,0.6559444665908813,0.03174997,0.31230554,0.65594447
"if unexpected crashes negleted, it is so far the <signature>",positive,neutral,0.5753296613693237,0.10160338,0.57532966,0.32306698
used to love it,negative,negative,0.8274125456809998,0.82741255,0.14659126,0.025996195
"i love this app but with the latest update it died when i used a white listed app, and when i checked my whitelist i couldn't scroll through or change anything which was weird. plz fix this and add more trees!",positive,neutral,0.535727322101593,0.1671647,0.5357273,0.29710802
very good mobile phone photo editor,positive,positive,0.6189695000648499,0.03456,0.34647053,0.6189695
keeps telling u to turn on the access then brings u to the settings page and even aft you check all the boxes doesnt take you back to the app. and continues to keep popping up disrupting phone usage. app doesnt work properly,negative,negative,0.8713825345039368,0.87138253,0.113214515,0.015402996
app is faster but stucks mobile pleas fix it up,positive,neutral,0.6804254651069641,0.15402317,0.68042547,0.1655513
"should have ""seen"" feature",neutral,neutral,0.6815561056137085,0.116547376,0.6815561,0.20189652
"can not zoom in or out, plis fix",neutral,neutral,0.4857965111732483,0.44100854,0.4857965,0.073194906
nice idea and interface but finding friends doesn't work on android,neutral,neutral,0.6758987307548523,0.22476934,0.67589873,0.099331945
white list is so frustrating!,negative,negative,0.5506029725074768,0.550603,0.3894107,0.059986282
need <url> saving to gallery issue adding photo issue,neutral,neutral,0.6672016978263855,0.16197385,0.6672017,0.1708245
the live doppler doesn't work since i updated,negative,negative,0.7713720202445984,0.771372,0.20445451,0.02417354
very ugly and difficult to use platform. i do not suggest it. very bad,negative,negative,0.9048902988433838,0.9048903,0.08154177,0.013567944
recent update be unstable and loading so late,neutral,neutral,0.5819169878959656,0.32599005,0.581917,0.09209297
would give <number> stars if you blocked the facebook messenger bubble as well,positive,neutral,0.6624233722686768,0.09490713,0.6624234,0.24266948
it's a good overall weather app. do miss the traffic cam.,positive,positive,0.585055947303772,0.028841008,0.38610306,0.58505595
really hard to navigate.,neutral,negative,0.6749179363250732,0.67491794,0.2892001,0.035881992
they don't refund difference if room is cheaper,negative,neutral,0.573268473148346,0.30412656,0.5732685,0.122605026
"works most of the time. freezes sometimes while trying to open a document, but just restart the app and it's good to go.",positive,neutral,0.5794734954833984,0.03669454,0.5794735,0.3838319
my friend show me it on tumbler it's amazing <signature>,positive,positive,0.7069087028503418,0.04688835,0.24620293,0.7069087
would of gave it <number> stars if i could. i just figured out that this app was using <number> % of my battery life and i never even use the app. sucks really bad.,negative,negative,0.9091609716415405,0.909161,0.0782865,0.012552558
"you ruined the icon, we said ok. now you are ruining the background color too. stop changing, no one was complaining!",neutral,negative,0.837213397026062,0.8372134,0.14054869,0.022237929
should have been a <number> star but why's the android version lacking local adjustments that the ios version has. i can understand that there may be delays among platforms but it's already <number> months behind!,neutral,neutral,0.5950225591659546,0.25650162,0.59502256,0.14847581
nothing i want from this app,negative,negative,0.8564714789390564,0.8564715,0.12324362,0.02028494
so great until today,negative,neutral,0.42332127690315247,0.17380792,0.42332128,0.40287077
it would be nice if it had it on like whatsapp for android but you have to download another app to access that <url> yeah but it's good,positive,neutral,0.6664272546768188,0.023279281,0.66642725,0.3102935
high quality images turns into low quality,neutral,neutral,0.6001191139221191,0.26962054,0.6001191,0.13026038
"it doesnt work, the screen flashes on and off and it wont open",negative,negative,0.9057750105857849,0.905775,0.08157716,0.012647833
no retract in options,neutral,neutral,0.5935914516448975,0.31346774,0.59359145,0.09294078
last position read somewhat flawed,neutral,neutral,0.5764127373695374,0.3039129,0.57641274,0.119674325
get <number> days free trial. nice. to try it i need to be able to access photos that store to my sd card. i do that so i have room on my phones internal drive. waste of time,negative,negative,0.8937750458717346,0.89377505,0.09187297,0.014352052
does not support to open pwd protected document,neutral,negative,0.62286376953125,0.62286377,0.33827806,0.03885812
got rid of the irc gateway. this was why we used slack. uninstalled.,negative,negative,0.9234189391136169,0.92341894,0.06373013,0.012850978
more theme and customization <url>,positive,positive,0.6443857550621033,0.052179817,0.3034344,0.64438576
some items don't work!,neutral,negative,0.7716223001480103,0.7716223,0.19877256,0.029605169
map animation still has bug.,negative,neutral,0.5654461979866028,0.3227506,0.5654462,0.11180322
"ignores some files, loads a few others",neutral,neutral,0.5760949850082397,0.3280073,0.576095,0.095897704
it's not as good as it used to be,neutral,neutral,0.6992015242576599,0.19253203,0.6992015,0.10826643
"good, but needs things",positive,neutral,0.6200926899909973,0.026567329,0.6200927,0.35333994
not working properly on samsung galaxy a <number> .,negative,negative,0.7192691564559937,0.71926916,0.24889788,0.03183297
views pdfs better then stock app but it doesn't see pdf's on sd card,negative,neutral,0.720639169216156,0.12548481,0.72063917,0.15387607
no way to get rid of ads on terrible screen layout.,negative,negative,0.8745115995407104,0.8745116,0.109678194,0.01581021
required an account. i want an app to edit pictures on my phone. the online storage and synchronization should be an optional feature; not a requirement.,negative,neutral,0.6321984529495239,0.26688698,0.63219845,0.100914575
ok with local weather love the thunder part of the app,positive,positive,0.5980451107025146,0.042350117,0.35960472,0.5980451
trivago the tru app,neutral,neutral,0.49437078833580017,0.23725463,0.4943708,0.26837456
add a floating notification,positive,neutral,0.630530595779419,0.12305594,0.6305306,0.24641344
why i can not share video on bbm group; too many update but no significant effect,negative,neutral,0.6941397786140442,0.14031312,0.6941398,0.16554704
limited options for search,negative,neutral,0.7296419739723206,0.107176796,0.729642,0.16318122
good for messaging not for calls,neutral,neutral,0.738644003868103,0.11980866,0.738644,0.14154735
"it's available when i need it and it's more accurate than other weather apps i've tried. update(jan <number> ) <url> recent california winter has been crazy, and frankly this app has let me down with inaccurate forecasts for most of it. comparatively, the google now app is more accurate. maybe the sensors in my area are just bad. when it's fixed, i revisit my review.",neutral,neutral,0.6036098003387451,0.080761015,0.6036098,0.3156292
you could add a bit more features. birthmarks scars moles etc,positive,neutral,0.5745273232460022,0.04355623,0.5745273,0.3819164
i am using it before <number> years,positive,neutral,0.4830769896507263,0.25116345,0.483077,0.26575953
like many sites if you visit a chosen hotel more than once or twice the price rises!,neutral,positive,0.4906737804412842,0.07712923,0.43219706,0.49067378
amazing experience so far with this. iam being familiar with it.,positive,positive,0.731738805770874,0.041904826,0.22635642,0.7317388
doesn't save properly half the time and definitely could use some more filters.,negative,neutral,0.6681290864944458,0.24398191,0.6681291,0.08788901
why is the iphone app so much better!,negative,neutral,0.5205384492874146,0.38215822,0.52053845,0.09730335
"browser not opening sites, it just ideal.",negative,neutral,0.579520046710968,0.050676823,0.57952005,0.3698031
"continuous crashing, won't even open now.",negative,negative,0.901587188243866,0.9015872,0.08467774,0.013735106
they forced me to rate them so i docked a star.,neutral,negative,0.8406631946563721,0.8406632,0.13400552,0.025331272
lame. doesnt work for samsung intercept,negative,negative,0.9040184617042542,0.90401846,0.08228161,0.013699908
of mice and man,negative,negative,0.47116127610206604,0.47116128,0.3754807,0.15335807
only thing missing is custom notification,positive,neutral,0.5575161576271057,0.10426919,0.55751616,0.33821464
video cant open after click tha video,negative,negative,0.6102885603904724,0.61028856,0.3420332,0.04767824
weather animation has stopped and will not start. has been off nearly <number> weeks.,negative,negative,0.8040921092033386,0.8040921,0.1714101,0.024497781
"i just came here because this app was featured on silicon valley, looks like a great app with an attractive interface.",positive,positive,0.6681697368621826,0.042343855,0.28948644,0.66816974
it's okay except for i have a lg phone and it doesn't work that well with the lg phone,positive,neutral,0.8041365742683411,0.06983539,0.8041366,0.12602806
cannot open or detect image file imported from nikon <number> j <number> camera which has .jpeg <url> i had to convert it first or use another photo app editing and save <url> so lightroom could detect the file <url>,neutral,neutral,0.487306147813797,0.4491629,0.48730615,0.06353099
having trouble downloading the app,negative,neutral,0.5625469088554382,0.3525022,0.5625469,0.08495082
i can't sent it through my messages to my contacts. only through facebook and that is absolutely ridiculous. this app sucks,negative,negative,0.9151450991630554,0.9151451,0.071664594,0.0131903095
very quickly reservation done.,positive,positive,0.6176945567131042,0.064867586,0.31743786,0.61769456
<salutation> please give setting to turn it off,negative,neutral,0.4630679786205292,0.23064475,0.46306798,0.30628732
fantastic app to track lighting! the rest of the app is the same as any other really. but in fairness i do not use the rest of the app.,positive,neutral,0.7099895477294922,0.1388399,0.70998955,0.15117063
service is good but app is not much android oriented,neutral,neutral,0.7705458402633667,0.070852034,0.77054584,0.15860215
this app is better,neutral,neutral,0.6471630930900574,0.10071238,0.6471631,0.25212455
the improvement are a lot better but it would be nice to be able to send large mp <number> or mp <number> files via bbm.,positive,neutral,0.6283800005912781,0.035707843,0.62838,0.3359121
viuggg hang with my life in your help me a lot and then you have any attachments may contain information contained herein including attachments if it would love the way i will have been sent me a new one day i was thinking about my life in your,positive,neutral,0.5177388787269592,0.059336837,0.5177389,0.42292428
can't get to work for motorola droid,negative,negative,0.7413313388824463,0.74133134,0.22848919,0.03017947
bad for the aap is hanging,neutral,negative,0.8768336772918701,0.8768337,0.10606875,0.017097523
its really <url> though remove the trial days remaining,positive,neutral,0.5915069580078125,0.08427709,0.59150696,0.32421595
horrible radar. constant storm alerts with no storms around,negative,negative,0.9123567938804626,0.9123568,0.07374323,0.013899871
cool idea pain da butt to use then at times wont work <url>,negative,negative,0.5607228875160217,0.5607229,0.389073,0.050204113
new update v <number> . <number> crashes all the time,positive,negative,0.8593361377716064,0.85933614,0.118734166,0.02192976
"it's okay (at least, freebies now included) <url>",neutral,neutral,0.6884163022041321,0.029259196,0.6884163,0.28232455
only <number> stars since it will not let me delete any files. please fix.,neutral,neutral,0.5554934144020081,0.27098668,0.5554934,0.17351986
does what it is supposed to do and does it well.,positive,positive,0.5648645758628845,0.07448853,0.3606469,0.5648646
"very useful, but has a few annoyances",positive,neutral,0.5544861555099487,0.031242946,0.55448616,0.41427085
can't download <url>,negative,negative,0.6072335839271545,0.6072336,0.34843013,0.04433626
"generally a good pdf viewer. i love the reading mode that reflow text and adjust font for better reading experience. the only problem, or i should call it a bug, is that it seems like this mode hates to see <number> letters ""f"" & ""i"" being together. for words like ""find"", ""first"", ""prefix"", etc. you will see only ""nd"", ""rst"", ""prex"", etc.",positive,positive,0.5592963099479675,0.04257956,0.3981241,0.5592963
no support for paid ad-free version,neutral,negative,0.6264766454696655,0.62647665,0.33176383,0.04175955
i like this app,positive,positive,0.7487944960594177,0.03493854,0.21626692,0.7487945
used to use it for studying but after reacent update it won't open. please fix,neutral,negative,0.5318603515625,0.53186035,0.39686745,0.0712722
last update is a disaster,negative,negative,0.8761368989944458,0.8761369,0.104791105,0.019071952
would be better if emoji's didn't disappear when new ones are added,neutral,neutral,0.7018519639968872,0.051023073,0.70185196,0.24712494
good for basic stuff,neutral,neutral,0.5217946171760559,0.035299506,0.5217946,0.44290584
fun but android needs more options!!,neutral,positive,0.5148859620094299,0.03391542,0.45119864,0.51488596
"the usual mediocre bare bone pdf reader from adobe, totally lacking in functionality. repligo reader is better",negative,neutral,0.5933577418327332,0.31389147,0.59335774,0.092750765
stays open in background,negative,neutral,0.5534607172012329,0.23809163,0.5534607,0.20844771
it's actually helpful.,positive,positive,0.5430669188499451,0.028288458,0.4286446,0.5430669
good enough and satisfied result <url> its quite good aap,neutral,positive,0.6035094857215881,0.029070374,0.36742014,0.6035095
why songs are not downloading from the websites. there is always showing error. whenever i download some song. pls fix this bugg,neutral,neutral,0.519787073135376,0.37750977,0.5197871,0.10270315
booking is simple and straight forward.,positive,positive,0.5143311023712158,0.056070335,0.42959857,0.5143311
"a really good and practical app, however like every other app it still has room for improvement!",positive,positive,0.609834611415863,0.02487681,0.36528862,0.6098346
excellent pdf viewer rendered unusable by the inability to jump to a page and by the fact that it doesn't remember where you were or bookmarks.,negative,neutral,0.6318354606628418,0.26796108,0.63183546,0.10020348
good site but still faceing issue with hotel even we confirm through app,positive,neutral,0.5816240906715393,0.04047275,0.5816241,0.3779031
it took forever to download,neutral,negative,0.6098582148551941,0.6098582,0.3073735,0.0827683
i've started using the lightroom camera to take all my photos in raw (dng) and i've noticed today that while out at <number> : <number> on <number> / <number> / <number> and taking pictures the time and date stamp on the images says <number> : <number> <number> / <number> / <number> . what's all that about? i can't change it so where does it get it's info from? also the preview does not show the correct colour. it does when using the slider but as soon as i let it go the image reverts back to a almost black and white.,neutral,neutral,0.6527081727981567,0.17520297,0.6527082,0.1720889
it's cute for younger people but i use it some. i'm <number> yrs old.,positive,positive,0.5210526585578918,0.028848061,0.45009926,0.52105266
"i had login throught google + <url> but i changed my mind and wanted to login through <url> so, i logged out !!! now, i cannot login back. the app is going back to registration page with the option to login to facebook !!! please look into the solution for this !",neutral,negative,0.7996269464492798,0.79962695,0.1747085,0.025664601
please could we have the option to install to sd card. what is the point in having a large sd card if it doesn't even get used,negative,neutral,0.6547040939331055,0.1966566,0.6547041,0.14863926
wont open at all,negative,negative,0.8346542119979858,0.8346542,0.14405319,0.021292564
good stickers allow users to express better. how come i cannot use bbm calls?,neutral,neutral,0.628359317779541,0.04738851,0.6283593,0.3242522
why pr have no radar????,negative,neutral,0.4745703637599945,0.41200298,0.47457036,0.11342665
before it can connect even the signal is weak now it needs more signal to connect,neutral,neutral,0.6659093499183655,0.15831156,0.66590935,0.17577907
radar maps are all wrong,negative,negative,0.82789146900177,0.82789147,0.15028575,0.02182279
it is fast downloading app,positive,positive,0.6423829793930054,0.030325273,0.32729173,0.642383
make it a zoo or fish tank,positive,neutral,0.5299898982048035,0.092206106,0.5299899,0.377804
waah!!! so nice app,positive,positive,0.6160374283790588,0.0639227,0.3200399,0.6160374
why pay that price for tablet use,negative,neutral,0.4785368740558624,0.4290468,0.47853687,0.092416316
good bit doesn't have the choices in search section for type of rooms such as not-smoking or soundproof ones or double-room etc.,positive,neutral,0.751853346824646,0.07398077,0.75185335,0.17416589
too slow at times,neutral,neutral,0.6887163519859314,0.14711063,0.68871635,0.16417305
it's very easy to use and all types of format documents easily opened,positive,positive,0.6912245154380798,0.027887905,0.2808876,0.6912245
can not sign in,negative,negative,0.6788169741630554,0.678817,0.27946535,0.04171767
it makes team communication highly open and accessible,positive,positive,0.7432209253311157,0.03356272,0.22321635,0.7432209
when message is being sent it takes time to be received,neutral,neutral,0.5921712517738342,0.26587135,0.59217125,0.14195739
pretty accurate for the most part i think,positive,positive,0.643598735332489,0.029061254,0.32733995,0.64359874
spark is about the only good thing,neutral,neutral,0.5480512380599976,0.119007416,0.54805124,0.33294135
broke the upload photo feature,negative,negative,0.6746129393577576,0.67461294,0.26776588,0.057621177
best app but suggest download stop,positive,neutral,0.6519482135772705,0.037570506,0.6519482,0.31048128
some hotels are a bit shady,neutral,neutral,0.6549747586250305,0.17828166,0.65497476,0.16674358
its fun to see you're own emoji !,neutral,positive,0.653108537197113,0.026856547,0.32003492,0.65310854
its not so great as i expected it to be,neutral,neutral,0.7291111946105957,0.14882524,0.7291112,0.12206354
keeps going down n the ads r anoying,negative,negative,0.5727072954177856,0.5727073,0.3613782,0.06591453
it was good enough until i can't change my display picture,negative,neutral,0.6555830240249634,0.061497368,0.655583,0.28291956
it's a trial. editing feature not impressive.,positive,neutral,0.6274551749229431,0.20031357,0.6274552,0.17223124
love it <url> great job <url>,neutral,positive,0.7028085589408875,0.0629402,0.23425117,0.70280856
used to be good,negative,negative,0.8115208148956299,0.8115208,0.15940416,0.029075025
very good and useful app,positive,positive,0.7472838759422302,0.029811755,0.22290435,0.7472839
"the app will no longer let me delete locations. uninstalled, and reinstalled and they are still there. frustrating.",neutral,negative,0.8714521527290344,0.87145215,0.11182472,0.016723083
"buggy, ambigue and less features",negative,neutral,0.6755332946777344,0.19951975,0.6755333,0.12494698
"this has helped my productivity a lot. i've only recently started experiencing issues with it. before, the app used to count extra time i went without using my phone even after the <number> min mark. it was really gratifying to see how much longer i was able to last + it contributed to my forest and my overall focus count. but now it isn't doing that? so it kind of discourages me from continuing to work past the sound of the timer even if i feel like i could. if it's possible, please do something about that.",neutral,neutral,0.6185309290885925,0.066961385,0.6185309,0.31450775
"zooming slow, okay otherwise",neutral,neutral,0.7886286377906799,0.06522716,0.78862864,0.14614427
"fix zoom in attached images! it doesn't work first <number> seconds the image open, and for gif it doesn't work at all. and is that tat hard to add rotation you've ""planned to add"" a year ago? where's a font size setting or guesture scale sor chat?",neutral,negative,0.6721045970916748,0.6721046,0.29386398,0.03403146
when will the local adjustments tool be disponible for android users?? hope it's included on the next actualization !!,positive,neutral,0.5563094615936279,0.108239256,0.55630946,0.33545133
just started using it !,positive,negative,0.7396737337112427,0.73967373,0.19838656,0.061939698
so cute. wish it were easier to access via other apps,positive,positive,0.596743106842041,0.031946488,0.3713104,0.5967431
really like the way this app has evolved from it's first version. please add android wear notification service asap. its really easy to add and people are badly missing it.,positive,positive,0.6159161329269409,0.047686357,0.33639753,0.61591613
"good on mobile devices ,simply good on move",positive,positive,0.609351396560669,0.025275087,0.36537355,0.6093514
need to avoid unwanted ads and also enhance the downloading speed. overall nice app.,positive,positive,0.6347310543060303,0.02693635,0.3383326,0.63473105
"i really like this app and is what i go to when i start loosing concentration. i wish there were more stats and plant types, also more beautifully animated and things that change <url>",positive,positive,0.7441198825836182,0.032317393,0.2235627,0.7441199
was <url> now radar broken,negative,negative,0.7792096734046936,0.7792097,0.17637312,0.04441717
booking bait and switch,negative,negative,0.7619357109069824,0.7619357,0.19921398,0.03885038
this seems like it would be cool,negative,neutral,0.6243705153465271,0.036667675,0.6243705,0.33896178
cannot see my photo's on device,negative,neutral,0.5676131844520569,0.3563452,0.5676132,0.07604158
so far so good!! i love it.,positive,positive,0.7287588715553284,0.052197594,0.21904351,0.7287589
"such an intrusive browser, coming from china. it can't be trusted with your online activities. indians, be aware.",negative,negative,0.7666426301002502,0.76664263,0.2057144,0.027643003
hi i download this app he is the very good app,positive,positive,0.6607568264007568,0.05296917,0.28627402,0.6607568
where is the download process,positive,neutral,0.6331204771995544,0.16765164,0.6331205,0.19922784
brill so easy to use,positive,positive,0.5476073026657104,0.042811155,0.40958148,0.5476073
the app isn't working on the note <number> . i'll update my review if/when it works.,negative,negative,0.6759424209594727,0.6759424,0.28493917,0.039118417
"""you have cancelled your entire <url> ""???",negative,negative,0.7126286625862122,0.71262866,0.2254213,0.061950017
it good for local german reports nearly as good as <url>,positive,neutral,0.5079166889190674,0.031024821,0.5079167,0.46105853
does what i need it to,neutral,positive,0.49582844972610474,0.06975001,0.43442157,0.49582845
it's good for communication,neutral,positive,0.5696718096733093,0.021940343,0.4083878,0.5696718
it sometimes sends the wrong <url>,neutral,neutral,0.4865724742412567,0.40310794,0.48657247,0.1103196
please add the feature of sharpen and blur,neutral,neutral,0.5478852987289429,0.0498883,0.5478853,0.40222645
notifications aren't working???,positive,negative,0.6274611949920654,0.6274612,0.31723005,0.055308815
lag while zoom in/out,positive,neutral,0.6268644332885742,0.23447542,0.62686443,0.13866015
had some slowness issues?,positive,neutral,0.6193546056747437,0.19400553,0.6193546,0.18663983
awesome app one of the <signature>,positive,positive,0.7375944256782532,0.039697662,0.22270788,0.7375944
it does great and gives accurate weather information,positive,positive,0.7047709226608276,0.029939134,0.2652899,0.7047709
bogus . there are several aps much useful,negative,neutral,0.6121546030044556,0.12339715,0.6121546,0.2644483
'no notifications' doesn't work.,negative,negative,0.8762269020080566,0.8762269,0.10841615,0.01535695
great app for managing hotel reservations on the go. it's also nice to earn rewards for frequent stays. i think this is the <signature>,positive,positive,0.7327300310134888,0.028892657,0.23837727,0.73273003
app keeps crashing. unable to open after latest update.,positive,negative,0.8642988204956055,0.8642988,0.117890954,0.017810233
always update but nothing improve,neutral,neutral,0.7063879370689392,0.09239339,0.70638794,0.20121872
"great concept, poor implementation",neutral,negative,0.5785320401191711,0.57853204,0.36428666,0.057181265
contact picture not show.,negative,neutral,0.47180309891700745,0.45157927,0.4718031,0.076617636
canon cr <number> support please,neutral,neutral,0.5107593536376953,0.19867566,0.51075935,0.29056504
this thing is a trap! it will take your money,negative,negative,0.8916398286819458,0.8916398,0.09028247,0.018077685
"the icon re-design is a tremendous eye-sore more fit to be the face of a pharmaceutical firm, and they didnt put any extra effort into making the app on any of the platforms, leaving gaps in design. no dark mode, no voip, no collapsing the sidebar on ios or windows. i use it because my friends do.",negative,neutral,0.5732204914093018,0.24139327,0.5732205,0.18538624
"just need an option to mute notifications (some of us work different timezones and like sleep), other than that it works pretty well!",positive,positive,0.5300425291061401,0.028614827,0.44134268,0.5300425
good for net work download,positive,positive,0.49428409337997437,0.02757382,0.47814202,0.4942841
i want this feature,positive,positive,0.5050898194313049,0.061899863,0.43301034,0.5050898
content rating: low maturity,positive,neutral,0.6469988226890564,0.25252414,0.6469988,0.1004771
this application doesn't work in my handphone,negative,negative,0.9039247632026672,0.90392476,0.08231585,0.013759408
slack chat is good,positive,neutral,0.5910459160804749,0.04782792,0.5910459,0.36112615
i find the user experience superior to other apps.,positive,positive,0.482109010219574,0.048733722,0.46915728,0.482109
"great app, needs better ui on reviews",neutral,positive,0.6497637033462524,0.029764453,0.32047182,0.6497637
great new camera in-app,positive,positive,0.6886944770812988,0.0676966,0.24360889,0.6886945
would be <number> <url>,negative,neutral,0.6041105389595032,0.1295327,0.60411054,0.26635677
it's a good application,neutral,positive,0.6502857804298401,0.022386895,0.32732734,0.6502858
"five star service, two star app",negative,positive,0.46649497747421265,0.1898412,0.34366387,0.46649498
everytime my phone went on sleep it killed the tree and became completely pointless because i would've had to tap my phone every <number> seconds to keep it from locking and killing the tree.,negative,negative,0.9159746170043945,0.9159746,0.07173492,0.012290478
bbm isnt the <signature>,neutral,negative,0.4700508415699005,0.47005084,0.46612728,0.06382181
can you please give a little speed more on download,neutral,neutral,0.6106762290000916,0.042772975,0.6106762,0.3465508
need support for .cr <number> format,positive,neutral,0.695141613483429,0.1283019,0.6951416,0.17655647
"unecessarily complicated and cumbersome. it's so difficult to create new workspaces and move people from one to another. if you don't have someone's email address memorized, good luck! this app has a long way to go to be truly useful every day. in addition to the above, notifications are a bit of a nightmare. i've missed out on a lot of critical messages because notifications just don't work when they need to. i've run out of room for feedback but i could go <url>",negative,neutral,0.571933388710022,0.33486035,0.5719334,0.09320633
i'm surprised hdr is not supported on the huawei nexus <number> p. i realize it is isn't as new as the pixels but it's still a pretty fast phone.,neutral,neutral,0.6747647523880005,0.06535826,0.67476475,0.259877
where is the bookmarks?,neutral,neutral,0.5109155178070068,0.33712253,0.5109155,0.15196201
"love this app, developers have been brilliant at fixing bugs and the feedback system is great!",neutral,positive,0.7516254782676697,0.050417636,0.19795686,0.7516255
i want to give this app <number> <url>,negative,negative,0.45043984055519104,0.45043984,0.43558908,0.113971025
cant even sign in or sign up,negative,negative,0.8207517862319946,0.8207518,0.15791507,0.021333087
"very nice weather app. would like to see more detail on air quality, pollen, etc",positive,positive,0.692713737487793,0.026965078,0.28032124,0.69271374
simple to use. nice option to search via map,positive,positive,0.6425948739051819,0.023333859,0.33407128,0.6425949
what a huge step backwards for useability.,negative,positive,0.571231484413147,0.066550136,0.36221838,0.5712315
it is what it is!,neutral,negative,0.40889641642570496,0.40889642,0.37985155,0.211252
"+pinch zoom, +++reflow text, --render speed on scroll, ---should find all pdf including dowloaded by browser, --no search, ---no images in reflow",negative,negative,0.5285877585411072,0.52858776,0.41167527,0.059736986
this app keeps killing my tree whenever i off my <url> this is so bad. i ended up kore time restarting the timer.,negative,negative,0.914627730846405,0.91462773,0.07205818,0.013314177
website offers better and more search options.,negative,positive,0.5610848069190979,0.0419386,0.39697665,0.5610848
i love this browser,positive,positive,0.6931319236755371,0.083210796,0.22365732,0.6931319
not always perfectly accurate. i like the hourly forecast.,positive,neutral,0.4798072278499603,0.0448993,0.47980723,0.4752935
mobile notifications not working,neutral,negative,0.6966220140457153,0.696622,0.2656269,0.037751026
cannot unlock password protected ebooks. can't even interact with links or buttons. worthless for password protected ebooks.,negative,negative,0.9172394871711731,0.9172395,0.07039298,0.012367473
this app is an nice good for everything i need but they are problems u must fix,positive,neutral,0.5867468118667603,0.036533896,0.5867468,0.37671924
getting worse than before,neutral,negative,0.5333926677703857,0.53339267,0.37537062,0.09123671
it's easier and efficient,positive,positive,0.6501065492630005,0.026456514,0.32343692,0.65010655
"what the mobile developers do not understand is: do not ever ever change the application icon! the icon shape and color are used to quickly identify an app between other dozen apps. that's how the brain works! moreover, an update only for the app icon? where is the video recording option? i use slack daily (it's the main chat / video conferencing solution where i work) and you can simply cannot record meetings!",negative,neutral,0.4927527606487274,0.41275486,0.49275276,0.09449238
"cute and accurate, but no long hair",neutral,neutral,0.6179232001304626,0.04346027,0.6179232,0.33861652
used to work. not anymore,negative,negative,0.8889554142951965,0.8889554,0.09376226,0.017282268
an outstanding way of communication with the team.,positive,positive,0.7498947978019714,0.040964667,0.20914058,0.7498948
internet is better than this because,neutral,neutral,0.6426340937614441,0.11244207,0.6426341,0.24492383
"sucks. force close, pdf never opens. htc hero.",negative,negative,0.9178649187088013,0.9178649,0.069701,0.012434069
"i like it just wish tht we had more choices for the avatar and the body shapes were more womenly, besides that i think it's great!",neutral,positive,0.6570343971252441,0.022542108,0.32042348,0.6570344
was great when it worked,negative,neutral,0.43856456875801086,0.36521584,0.43856457,0.19621955
update has ruined functionality. now difficult to search rooms for <number> people etc. terrible terrible terrible!,negative,negative,0.9270691871643066,0.9270692,0.059912823,0.013017946
would like it better if you could use this app in fb <url>,neutral,neutral,0.6088277697563171,0.02999422,0.60882777,0.36117807
great app with potential.,positive,positive,0.7281011939048767,0.03216026,0.23973858,0.7281012
handles small pdf files really well. needs bookmarks.,neutral,neutral,0.5937855243682861,0.049377754,0.5937855,0.35683668
why not a mobile web version ??!!?!,negative,negative,0.6689342260360718,0.6689342,0.2855627,0.045503058
"i love this app, the ui is nice and smooth, no bugs what-so-ever, and it knows when i press the home button and enter another app. (turn on advanced something in the settings) looks very smooth, and it works as it should! the problem is, i can't lock my phone without killing the tree, and it wastes the battery. that's pretty much my only complaint! (i'm fairly new to the app, and i heard that when your forest gets full, that you can't put in anymore trees. if so, please let the forest expand as well.)",positive,positive,0.5695423483848572,0.067215115,0.3632425,0.56954235
i was addicted to game and other stuff my personal work ratio was too down and this app really help <url> !,positive,positive,0.49335721135139465,0.113519974,0.39312282,0.4933572
stuck in update mode,negative,negative,0.6220781803131104,0.6220782,0.32750747,0.050414316
while downloading music it goes to play store .,neutral,neutral,0.5403715372085571,0.30133852,0.54037154,0.15829001
can't append it to sd card when updated in htc wildfire,negative,neutral,0.5436710119247437,0.38746852,0.543671,0.06886047
free emoticons are <url> good,neutral,neutral,0.614632785320282,0.04877926,0.6146328,0.33658797
"i could plant the tree while watching youtube , no different than clash of clans",negative,neutral,0.6009080410003662,0.13899134,0.60090804,0.26010066
bbm cant connect properly,negative,neutral,0.47744041681289673,0.45253745,0.47744042,0.070022136
"it would be cooler if you could mix and match the pants, shoes, shirts, jackets, etc. instead of having to choose from predetermined outfits. i want to make my own outfit!",positive,neutral,0.5940030813217163,0.04971679,0.5940031,0.35628012
"works fine, too many ads",positive,positive,0.5007403492927551,0.10435605,0.3949036,0.50074035
they okay good on the <number> day forecast.!,neutral,positive,0.48848748207092285,0.03979545,0.471717,0.48848748
"when it works, it's good. but far too many crashes on my galaxy tab s <number> .",neutral,neutral,0.6596290469169617,0.0323938,0.65962905,0.3079772
terrible it now no longer works the way it used to. it was the <signature>,negative,negative,0.9209939241409302,0.9209939,0.06597782,0.013028265
push notifications not reliable,positive,neutral,0.7033271789550781,0.17720905,0.7033272,0.11946377
went out and can't access it ny more. what happened. says i have <number> go thru fb or my email and i have <number> sign up and in wen i've been using it <number> the past <number> months. what happened!,neutral,negative,0.8871696591377258,0.88716966,0.09750885,0.015321449
to set a profile picture is very frustrating as the current set up/method cuts out most of the picture. this really should be adjusted.,neutral,neutral,0.6862169504165649,0.15938537,0.68621695,0.15439767
i liked <url> this is very useful,positive,positive,0.6587761044502258,0.046870384,0.2943535,0.6587761
if your not using this to book your loosing out,neutral,negative,0.5751758813858032,0.5751759,0.3431141,0.081710026
"the app keeps asking me to rate it despite me constantly telling it ""no"" so i'm rating it <number> star out of spite and partially because they don't actually follow the choices they give you.",negative,neutral,0.4693281054496765,0.44804713,0.4693281,0.08262473
"uc browser is a fantastic browser application. the team behind the creation of this application have all done a wonderful job. keep it up as you continue to improve upon this great application. however, i wish to suggest that option to be able to send applications in speed mode { facebook, twitter etc} to phone desktop/home screen be incorporated into this application. secondly, make it possible to be able to select and set desired audio file as alert tones for applications like facebook etc. we therefore look forward to seeing these options in your next update sir. <signature>",neutral,positive,0.6368135809898376,0.045571472,0.31761497,0.6368136
"battery drain, battery drain, battery drain",negative,negative,0.4873216152191162,0.48732162,0.4090762,0.10360221
won't open raw files,negative,negative,0.8092686533927917,0.80926865,0.16667421,0.024057116
force closes on samsung moment w/android v <number> . <number>,negative,negative,0.668070912361145,0.6680709,0.2643053,0.06762383
not as good as desktop app .too slow while navigaring to different channels amd personal chats.,neutral,neutral,0.730792760848999,0.16376872,0.73079276,0.10543851
weather is nice and shows precipitation also,positive,positive,0.510424792766571,0.045510124,0.4440651,0.5104248
"won't let me add locations, other than that, works well.",neutral,neutral,0.622730016708374,0.28724167,0.62273,0.090028316
note <number> <url> of nov <number> th.,negative,neutral,0.4765222370624542,0.3059547,0.47652224,0.21752308
rooms sold not always available,neutral,neutral,0.5680680274963379,0.31842363,0.568068,0.11350841
please add a feature!,neutral,neutral,0.49561119079589844,0.06721221,0.4956112,0.43717661
so many ads r coming i hate this app,negative,negative,0.8837611675262451,0.88376117,0.1000749,0.016163899
it does what it's supposed to.,positive,neutral,0.5690935850143433,0.119639136,0.5690936,0.31126732
it really sucks that disabling wysisyg in the settings does not work. i want my input freedom.,negative,negative,0.7439658641815186,0.74396586,0.22668374,0.029350407
it's a decent app,positive,neutral,0.49564433097839355,0.033851046,0.49564433,0.47050458
have issue on redmi note <number>,neutral,neutral,0.5626343488693237,0.21550763,0.56263435,0.22185802
"i would give it <number> , but it keeps stopping when converting text to pdf",positive,neutral,0.6708459258079529,0.07499757,0.6708459,0.2541564
very good for me,positive,positive,0.6406110525131226,0.039641228,0.31974778,0.64061105
"app whitelisting doesn't work, everything works fine when whitelisting is turned off (tree withers when i exit the app) but when it's on, i can access any app without the tree dying, not just the whitelisted ones. i've also turned on the advanced detection mode, does not help.",neutral,neutral,0.5369164347648621,0.40149796,0.53691643,0.061585657
"this ""use"" to be the greatest weather app right up until <url> latest update froze radar animation and i don't get alerts until i open the app. deleting and going to find a better app.",negative,negative,0.5588406920433044,0.5588407,0.3573166,0.08384265
"it does its job, but asking each time to rate the app is infuriating",neutral,neutral,0.6806095242500305,0.15597604,0.6806095,0.16341442
my weatherbug now tells me im <number> towns away. reported <url> they told me i was dumb basically.,negative,negative,0.6703830361366272,0.67038304,0.2724506,0.05716642
crude humor supports the deteriorating morals of society. not acceptable,negative,negative,0.5600025057792664,0.5600025,0.3921054,0.04789213
after installed the browser <url> phone will hang and some unwanted program to be automatically <url> will affect on <url>,negative,negative,0.7356941103935242,0.7356941,0.22993423,0.03437168
some update or something makes this wonderful app crash. please remedy the issue!!!,neutral,positive,0.459990918636322,0.12069708,0.41931203,0.45999092
love it but easy on the ads pls,positive,positive,0.5238878130912781,0.035899512,0.4402127,0.5238878
"for all those whose trees are not withering, turn off whitelist mode",neutral,neutral,0.5033290982246399,0.29740125,0.5033291,0.19926962
"i really enjoy this app, it's been quite helpful. however, though it counts the time you exceed the preset goal you don't get any extra trees/bushes. this means that i sometimes go over my time focus goal, but only see one lonely tree for my efforts. good bit of a bummer. otherwise, love the app.",positive,positive,0.6879474520683289,0.027789582,0.28426296,0.68794745
not as accurate at weather channel but i like that i can choose the radar location.,positive,neutral,0.5222089290618896,0.0376487,0.5222089,0.44014233
i prefer the blackberry version to the android version. or maybe i've not discovered all the tricks here.,neutral,neutral,0.5967950820922852,0.116429545,0.5967951,0.2867753
great! so much potential!,positive,positive,0.6983142495155334,0.059548493,0.24213725,0.69831425
can't use bbm after update,negative,neutral,0.5388625860214233,0.39836696,0.5388626,0.06277041
on getting the latest update the app stopped working all of a sudden. i use samsung galaxy s <number> . please see what has gone wrong. i tried reinstalling the app too. didn't work.,negative,negative,0.9063173532485962,0.90631735,0.0804499,0.013232669
very very slow even on nexus one,negative,neutral,0.5744887590408325,0.3411102,0.57448876,0.08440098
like the old version better,positive,neutral,0.5519139170646667,0.07102641,0.5519139,0.3770597
stop asking me to rate every time i launch the app.,negative,negative,0.6546898484230042,0.65468985,0.29005742,0.055252656
lots of force closes on galaxy s.,negative,negative,0.5732463002204895,0.5732463,0.3478122,0.07894155
needs more of the core lightroom features,neutral,neutral,0.6584301590919495,0.06969691,0.65843016,0.27187285
"great app, just a few things that need addressed. i can no longer ""purchase"" additional trees and i have the $. it says forbidden after taking a while to load. i've uninstalled and reinstalled, running on the most current app and android os <number> . <number> , droid turbo <number> .",neutral,negative,0.47698578238487244,0.47698578,0.41303855,0.10997568
please add live radar widget!,positive,neutral,0.5198414325714111,0.288095,0.51984143,0.19206366
can't quickly link to specific page or bookmark. sucks. quick office is much better for reading pdfs.,negative,neutral,0.5670214891433716,0.34536913,0.5670215,0.0876094
it dose not let you do anything,negative,negative,0.6704854369163513,0.67048544,0.26996818,0.059546426
hourly doesn't match the <number> day,neutral,negative,0.5399684309959412,0.53996843,0.39003235,0.06999921
it's a good app,positive,positive,0.6526108980178833,0.02290566,0.32448342,0.6526109
good app edit picture,positive,positive,0.561551570892334,0.027396861,0.4110516,0.5615516
can't bookmark the page! it's hard to read an e-book and remember the page number. i will delete.,negative,neutral,0.4767874479293823,0.46166527,0.47678745,0.061547298
use for fast download,positive,positive,0.5410234332084656,0.03887911,0.42009747,0.54102343
used to be the <signature>,negative,negative,0.7320117354393005,0.73201174,0.22200528,0.04598293
better than most. quick and easy,positive,positive,0.7115589380264282,0.027698528,0.2607426,0.71155894
"not fast in sending and receiving messages, the app needs to be worked on.",negative,neutral,0.6623750925064087,0.24219996,0.6623751,0.09542502
local adjustment not appearing,positive,neutral,0.6281774640083313,0.2420815,0.62817746,0.12974104
used to be great,negative,negative,0.8353515863418579,0.8353516,0.13870525,0.025943238
just got it <url> fingers crossed,neutral,neutral,0.45541515946388245,0.22708105,0.45541516,0.31750378
best pic editing <url>,positive,positive,0.5630648136138916,0.037888486,0.39904675,0.5630648
no bookmark or jump page. doesnt remember where i was when closed,negative,negative,0.652526319026947,0.6525263,0.3135925,0.033881236
"good. only complaint is that sometimes the location on my lock screen is not my current location, but a random one from my saved places.",positive,neutral,0.621458113193512,0.025953311,0.6214581,0.35258853
for the older version,neutral,neutral,0.5571885108947754,0.22388993,0.5571885,0.21892159
"this app is pretty good, but i wish i could use this in my normal keyboard and i hope that it will be animated and have a transparent background",positive,neutral,0.499645471572876,0.025154397,0.49964547,0.47520015
it's very accurate and good,positive,positive,0.7102699279785156,0.024837028,0.26489308,0.7102699
loved it till i got a new phone,negative,neutral,0.3954976499080658,0.3413894,0.39549765,0.26311293
works ok but crashes when i rotate my archos <number> .,neutral,neutral,0.720325767993927,0.07369137,0.72032577,0.2059829
bloats <number> megs needs to be movable to <url>,negative,neutral,0.5583985447883606,0.3183262,0.55839854,0.12327529
shares the way it wants without permission,negative,neutral,0.47229909896850586,0.34774452,0.4722991,0.17995636
external storage for cache,neutral,neutral,0.634745180606842,0.12364676,0.6347452,0.24160805
the radar map is practically useless now,negative,negative,0.9125620722770691,0.9125621,0.07422226,0.013215721
will not select the correct current location.,negative,neutral,0.6093901991844177,0.30040294,0.6093902,0.09020686
cant edit my avatar and cant log in!!,negative,negative,0.7537926435470581,0.75379264,0.21919209,0.027015276
this is worse than what we call pathetic when it comes to mobile app.,negative,negative,0.8630740642547607,0.86307406,0.1197296,0.017196307
updated to make it worst,negative,negative,0.8514606356620789,0.85146064,0.12368067,0.024858695
the trees do not die when i leave the app which is what the app was supposed to do should i have left the app to use other apps like ig or youtube,negative,negative,0.600566029548645,0.600566,0.3294435,0.069990456
new version is a major step back,negative,neutral,0.46159476041793823,0.1901093,0.46159476,0.348296
awesome and secure app,positive,positive,0.7741260528564453,0.038322683,0.1875513,0.77412605
awful app. really awful.,negative,negative,0.9215943813323975,0.9215944,0.06389165,0.014513971
would rate <number> <url>,negative,neutral,0.6204671859741211,0.13448359,0.6204672,0.24504924
"makes an incredibly annoying and loud clicking sound through the speakers whenever you take a photo, with no ability to disable it.",neutral,neutral,0.551015317440033,0.3254941,0.5510153,0.12349051
it's nice but some problems r there,neutral,neutral,0.6433934569358826,0.024652703,0.64339346,0.33195382
have used it for years,positive,positive,0.483175665140152,0.16942213,0.3474022,0.48317567
hope it supports split screen,positive,neutral,0.6510339975357056,0.056296293,0.651034,0.2926697
good app to <url> i alwayz prefer uc browser to <url>,positive,neutral,0.5330268144607544,0.050254848,0.5330268,0.4167183
some issues but otherwise excellent,positive,positive,0.5278297662734985,0.028632568,0.4435377,0.52782977
"this app is great, allows you to edit raw files, and almost has all the same options as a desktop/laptop version. the only thing i would really love to see is a brush setting, really all it needs for <number> stars in my books!",positive,positive,0.7031257748603821,0.040925357,0.25594884,0.7031258
basic stuff done well,neutral,neutral,0.47250381112098694,0.070722304,0.4725038,0.45677394
unfriendly to free users,negative,negative,0.8767428398132324,0.87674284,0.10733002,0.01592717
crashed my phone twice in a row doing nothing more then trying to read a <url>,negative,negative,0.8907983303070068,0.89079833,0.09310151,0.016100073
has become unreliable and very inaccurate. loved it and now will get rid of because of terrible forecasts.,negative,negative,0.834801971912384,0.834802,0.14198756,0.023210498
still no group contacts like old bbm,negative,neutral,0.5818710327148438,0.2824038,0.58187103,0.1357252
"slow loading, double notifications",neutral,neutral,0.6829546093940735,0.19383863,0.6829546,0.12320671
i love this app but sometimes it is really lagging.,positive,neutral,0.6124446392059326,0.08087079,0.61244464,0.30668458
freezes when opening pdfs. useless. root droid <number> . <number>,negative,negative,0.9000177979469299,0.9000178,0.08616357,0.013818577
"really nice app ,with grt way to analyse yr productivity",positive,positive,0.6667842268943787,0.030935049,0.30228075,0.6667842
great but one major problem,positive,neutral,0.4981325566768646,0.053396888,0.49813256,0.4484705
this program needs to be able to jump to specific pages in the pdf. i have a <number> page set of blueprints in need to access multiple times daily. fix,negative,neutral,0.5945143103599548,0.28838983,0.5945143,0.11709583
something went wrong before i could access this app. immediately <url> viruses needed.,negative,negative,0.7442991733551025,0.7442992,0.22068499,0.035015848
last update problem when search number adults,negative,neutral,0.5807873010635376,0.26896077,0.5807873,0.15025194
very good app very easy,positive,positive,0.7082615494728088,0.025923798,0.26581466,0.70826155
it's good app and doesn't contain virus,positive,neutral,0.7847138047218323,0.0550343,0.7847138,0.16025189
please add widgets for slack,positive,neutral,0.5463196635246277,0.053893823,0.54631966,0.39978653
add hdr support for htc <number> please!,neutral,neutral,0.5472337007522583,0.10767404,0.5472337,0.3450922
"suddenly it's killing all my trees it's was working perfectly, but now i keep getting a ""unknown app'",negative,neutral,0.551523745059967,0.33427435,0.55152375,0.114201844
well <url> you need access to my files and my camera ? looks like an insecure joke. i 'll install once we are back to serious.,negative,neutral,0.6340602040290833,0.18919381,0.6340602,0.17674588
this app is <url> not as expected,negative,neutral,0.5141297578811646,0.39440104,0.51412976,0.091469266
please add remind me option,neutral,neutral,0.5311175584793091,0.06668436,0.53111756,0.40219805
"original user interface, very usable.",positive,positive,0.5177396535873413,0.05541418,0.42684615,0.51773965
i use this site for booking over night stays when going on holiday. good hotel and great staff.,positive,positive,0.7695563435554504,0.031584002,0.19885968,0.76955634
can't access my account,negative,negative,0.7185059189796448,0.7185059,0.24347998,0.038014114
very useful to find non-chain hotels--saving lots of money when all you need is a clean room and a servicable bed.,positive,positive,0.622115433216095,0.034331974,0.34355265,0.62211543
"love it, something for almost every occasion!",positive,positive,0.7497293949127197,0.05772147,0.19254911,0.7497294
doesn't format text correctly,neutral,neutral,0.4869387149810791,0.4515394,0.48693871,0.06152184
"despite all these new pdf readers, this app provides very good benefits",positive,positive,0.654902994632721,0.035596654,0.3095004,0.654903
love it but hate it,neutral,neutral,0.531273603439331,0.11534373,0.5312736,0.35338268
great application. efficient way to browse and book accommodation.,neutral,positive,0.7458818554878235,0.026804898,0.2273133,0.74588186
great mutch eadier than website. quick and convenient,positive,positive,0.6533942222595215,0.035039928,0.3115659,0.6533942
excellent. not needing any permissions is cool.,neutral,neutral,0.6688209772109985,0.05076426,0.668821,0.2804148
"works pretty good, nice to finally have this on android.",positive,positive,0.6990352272987366,0.02714725,0.27381754,0.6990352
to boring and to many adds,negative,neutral,0.5881059765815735,0.21938732,0.588106,0.19250675
reply from notification and remove bbm channels,neutral,negative,0.460174024105072,0.46017402,0.43760148,0.10222456
love the app but current temperature doesn't stay in the notification bar even though i have it set to go the settings. please fix. i have to constantly open the app for current temp.,positive,neutral,0.5464869141578674,0.09574783,0.5464869,0.35776523
i like it . works great,neutral,positive,0.7379143834114075,0.045975283,0.21611032,0.7379144
it's good for documents viewings and managing.,positive,positive,0.5562251210212708,0.02405019,0.4197247,0.5562251
it's good but not too much <url> it's working well,positive,neutral,0.717606246471405,0.034748014,0.71760625,0.24764575
pic porn on ads,negative,negative,0.8276545405387878,0.82765454,0.146241,0.02610442
dope! i wish there was a batch deletion feature.,positive,neutral,0.46641111373901367,0.42391282,0.4664111,0.109676085
"worked great for years but now it double posts everything i send on my chromebook. love it on every other <url> iphone, mac. i hope this is fixed in the next <url> !",neutral,positive,0.6688331365585327,0.077244446,0.2539224,0.66883314
"sering error, but it's fine. still working",positive,neutral,0.608313262462616,0.04893354,0.60831326,0.34275317
full of bugs. i can claim the reward but my coins doesn't increase at all????,negative,neutral,0.5508503913879395,0.31881648,0.5508504,0.13033314
reliable when signal is good,positive,neutral,0.5659236311912537,0.039360378,0.56592363,0.39471602
love it and hate it.,neutral,negative,0.6721196174621582,0.6721196,0.25229287,0.07558743
would be good if you could delete after finished!,neutral,neutral,0.6638134121894836,0.040302157,0.6638134,0.2958845
works for me. only one i ever use.,positive,neutral,0.40863338112831116,0.20010765,0.40863338,0.39125898
error <url> do not work. i'm having <number> . <number> . <number> <url> still not working .,negative,negative,0.8858092427253723,0.88580924,0.09844356,0.015747238
it is very good but it needs more options on the facial features and the body motifications,positive,neutral,0.5207766890525818,0.027579656,0.5207767,0.45164368
takes up <number> percent of the <url> saves everything u <url> good for a <url> have motorola droid.,negative,neutral,0.458965003490448,0.43854398,0.458965,0.10249103
nice <url> was using this <url> information for news and latest updates,neutral,neutral,0.48616015911102295,0.15141985,0.48616016,0.36241996
"the whitelist doesn't <url> no matter what i do, my tree dies.",neutral,negative,0.8296962380409241,0.82969624,0.1447716,0.025532214
"good app, but lacking android wear (and thus pebble) support. i prefer google hangouts to slack because of this missing functionality.",neutral,neutral,0.7246904969215393,0.079358295,0.7246905,0.19595116
great but too much phone access,neutral,neutral,0.5546863079071045,0.039432265,0.5546863,0.40588138
if you can't offer better pricing you're useless,negative,negative,0.6357849836349487,0.635785,0.29293028,0.07128476
seriously your ad blocker never works everytime i go to movies site pop up ads pop ups every second very irritating don't <url> u will never get good surfing experience,negative,negative,0.7171791791915894,0.7171792,0.24580587,0.037014995
minimize category and bbm group user friendly,positive,neutral,0.5566063523292542,0.059890866,0.55660635,0.38350275
it doesn't save the last page you were on. it's annoying.,neutral,neutral,0.5854565501213074,0.33106586,0.58545655,0.08347754
please add something which shows you how long you've worked for each day and maybe a graph for comparing different working times,neutral,positive,0.4867619276046753,0.038622163,0.47461587,0.48676193
not bad better than other,positive,neutral,0.6062235832214355,0.14565398,0.6062236,0.24812248
i like the radar and spark. i work outside so that helps. the temp though? <url> but i guess that's what you get when trying to predict the actions of the most volatile woman in existence. mother nature of course.,neutral,positive,0.4784386157989502,0.055660754,0.46590063,0.47843862
why it is asking to download uc browser when i am going to download song and i don't want to download uc browser,negative,negative,0.5350187420845032,0.53501874,0.40388912,0.061092164
"awesome app!! it helps me a <url> i think it will be better if it had a <url> like we can time when it will start <url> sometimes i like to use my phone a lot. like before bed or using my phone at <url> smting like that. if you had the timer, we can set our work time so we would not play phones at certain <url> but still this app is great!!",positive,positive,0.5821278691291809,0.0352615,0.38261065,0.58212787
good app but <url>,neutral,neutral,0.6482593417167664,0.038425278,0.64825934,0.3133154
does the job it aims to do,neutral,positive,0.5247027277946472,0.121360146,0.35393712,0.5247027
ridiculous. why the hell i cannot move it to memory card?,negative,negative,0.9077366590499878,0.90773666,0.07680009,0.01546321
download error problem network gone after network connected again donwload doesn't resume,neutral,negative,0.7088097333908081,0.70880973,0.25013083,0.041059416
"i would give this app more stars if it weren't for the inability to get an overview of the total number of hours sunk into each tag rather than just a percentage, extend the amount of time you want on the fly and to filter by multiple tags vs either only one or all at the moment.",neutral,neutral,0.6177629232406616,0.055259664,0.6177629,0.32697746
"its cool, i love it",neutral,positive,0.7181236743927002,0.038512453,0.24336383,0.7181237
warning. bad apps. this apps cheat ur money on cancelation,negative,negative,0.9160796999931335,0.9160797,0.07093638,0.012983799
please fix!! then <number> stars,negative,neutral,0.43807926774024963,0.37410858,0.43807927,0.18781213
it's ok this apps,positive,neutral,0.6494698524475098,0.023214981,0.64946985,0.32731512
please add support for links inside pdf! great app but i really miss that feature!!,neutral,positive,0.5590640902519226,0.042992324,0.3979436,0.5590641
weatherbug was better <number> years back than it is now. i do not like the last few updates. the maps not as good especially showing cloud cover with storms or without. the layers is really sib par from the way it was. now for the last <number> days its shutting down for no reason,neutral,neutral,0.5543934106826782,0.35322493,0.5543934,0.092381604
uc helpful but it's have many bad <url>,positive,neutral,0.673649787902832,0.06317548,0.6736498,0.26317468
it tells me what i need to know,positive,positive,0.5650435090065002,0.046879873,0.3880766,0.5650435
addicted to phone? this is the app,positive,negative,0.6850367188453674,0.6850367,0.2619927,0.05297065
works well but beware the enormous memory use for data. if this could be stored on sd card then i would give <number> stars. as it is may have to uninstall.,neutral,neutral,0.7261984944343567,0.07991081,0.7261985,0.19389065
nice app for viewing documents!!! have been using it since many years!,positive,positive,0.7328457236289978,0.036645725,0.23050857,0.7328457
doesn't have a logout option,positive,neutral,0.5280370116233826,0.4112514,0.528037,0.06071163
enlarge capacity for sending video,neutral,neutral,0.5930507183074951,0.17244531,0.5930507,0.23450392
"it needs to have color, hairstyles and have character friends we pick on the lists to be in emojis too. plus can we have clothes come from video games and movies. plz",positive,neutral,0.5575248599052429,0.056513004,0.55752486,0.38596213
excellent considering all i want is pdf reader. but confused why such a basic thing like bookmarks is missing! the page nav good but never accurate,neutral,neutral,0.6415454149246216,0.052398726,0.6415454,0.30605584
very funny! it crashes in my s <number> edge+,negative,negative,0.6363497376441956,0.63634974,0.2908734,0.072776794
cant book in alantic city nj,negative,neutral,0.4752764403820038,0.4566621,0.47527644,0.068061434
learnt about it hope it is going to be <url>,neutral,neutral,0.4675089120864868,0.14205237,0.4675089,0.39043868
i think it is cool because you can use it for anything and could make stories etc.,positive,positive,0.5187683701515198,0.021870393,0.45936123,0.51876837
"so powerful, yet so limited.",neutral,neutral,0.6570530533790588,0.1098439,0.65705305,0.23310302
i really like this app. have a lot of fun with it when i send text messages. haven't had any problems with it.,neutral,positive,0.7113547325134277,0.0316345,0.25701082,0.71135473
new icon is really lame. looks like google <url> hahaha. binit,negative,negative,0.8663524389266968,0.86635244,0.11682907,0.016818477
easy and convenient to use,positive,positive,0.7275513410568237,0.024034796,0.24841389,0.72755134
holy data <url> people please!,negative,negative,0.5054463148117065,0.5054463,0.33155954,0.16299415
screw you slack for arbitrarily forcing everyone on mobile to download this utterly superfluous client while your services run well in browser.,negative,negative,0.9069127440452576,0.90691274,0.07913374,0.013953545
sometime. . force close hard launch,neutral,neutral,0.46261802315711975,0.4333384,0.46261802,0.10404354
"slow, and hang when zoom",negative,neutral,0.5612147450447083,0.3559771,0.56121475,0.08280815
"the app is really good. i find it really fun but i suggest that you guys add piercings, birthmarks, beauty marks and things like that, maybe even allow more then two bitmoji characters. other than that, the app is really good",positive,positive,0.5771966576576233,0.021757098,0.40104628,0.57719666
"would pay extra to get the ads to go away. otherwise, very good.",neutral,positive,0.5116945505142212,0.029800497,0.45850492,0.51169455
beware making fool and cheating beware,negative,negative,0.9088612794876099,0.9088613,0.076116145,0.015022563
what happened to the paid version?,negative,negative,0.831866979598999,0.831867,0.14416146,0.023971513
good <number> st version - htc one m <number>,positive,neutral,0.5338420867919922,0.038081344,0.5338421,0.4280766
great app use it to store music in,positive,positive,0.7368093132972717,0.034377623,0.22881308,0.7368093
"could use a bit of <url> other than that, great concept and idea!",neutral,positive,0.5779959559440613,0.036450632,0.38555342,0.57799596
more customizable than the other guy but not as complete as i'd like,positive,neutral,0.6733089089393616,0.07597675,0.6733089,0.25071433
"i always like this app since i used my old curve. but the ads kill me, hahahaha.",positive,negative,0.4513806998729706,0.4513807,0.43886042,0.109758906
"what a crappy app. rim can do much betta than this. wanted to give it a zero star but that option ain't available, i wonder why.",negative,negative,0.8681201934814453,0.8681202,0.11524318,0.016636651
it's a good app . it saved my mobile from getting virus into my mobile,positive,positive,0.6704320311546326,0.024570685,0.30499724,0.67043203
it's really nice !!!,neutral,positive,0.6890340447425842,0.028793655,0.2821723,0.68903404
"the prices are super high. like,the great <url> a billionaire could pay, but they would be poor afterwards. don't use!",negative,negative,0.8473677635192871,0.84736776,0.13436379,0.018268354
"great local forecast, maybe because i live near their headquarters. it works great when i travels as well.",positive,positive,0.6408997178077698,0.033084724,0.32601553,0.6408997
not very compatible with pomodoro technique,neutral,neutral,0.6818180084228516,0.16619487,0.681818,0.15198715
very useful and reliable app. documents are available offline which i find very convenient,positive,positive,0.7225250005722046,0.027261464,0.2502135,0.722525
too many ads! hate it,negative,negative,0.907699465751648,0.90769947,0.078104876,0.014195654
good but i don't like this app becouse of that annoying ads please remove this <url>,negative,neutral,0.728752076625824,0.06273405,0.7287521,0.20851386
improve android app please,neutral,neutral,0.578790009021759,0.08999252,0.57879,0.3312175
not happy over my profile picture,neutral,negative,0.5740365982055664,0.5740366,0.37190273,0.054060616
foxit reader is more convenient,positive,neutral,0.6512870192527771,0.06369105,0.651287,0.28502187
"cute, simple and motivating!",positive,positive,0.7496297955513,0.034540154,0.21583,0.7496298
good but could be better,positive,neutral,0.7152131795883179,0.040420607,0.7152132,0.24436624
"one of the essential apps, but imperfectly realized in android",positive,neutral,0.6080611944198608,0.09901206,0.6080612,0.29292676
like it but too much ads,positive,neutral,0.6460373401641846,0.042154774,0.64603734,0.31180787
still very lame. can't open pdfs that are image scans. cmon adobe. really?,negative,negative,0.7423607707023621,0.7423608,0.22615114,0.03148805
"after unable to launch get fixed in the update last night, all my past <number> days history is gone <url> all my lemon <url> this how the developer improve performance? very <url>",negative,negative,0.6775981187820435,0.6775981,0.25529528,0.067106575
you better call it off. useless.,negative,negative,0.9252932667732239,0.92529327,0.061463457,0.013243258
as good as the web version,positive,positive,0.5088412761688232,0.034771383,0.45638728,0.5088413
just updated bbm and all of my chat history disappeared! need a way to restore it. pls fix it.,neutral,negative,0.804042398929596,0.8040424,0.17103918,0.024918428
<salutation> can't even open password protected files. waste of time and memory,negative,negative,0.9069412350654602,0.90694124,0.07955478,0.013504017
i dont understand this ap,neutral,negative,0.572414755821228,0.57241476,0.34763795,0.07994728
its a very good app,positive,positive,0.6903690695762634,0.02863168,0.28099927,0.69036907
good website for hotels. plenty of options and many with free cancellation.,positive,positive,0.6368255019187927,0.02628221,0.33689225,0.6368255
bad very very bad. in all website you have ads <url> is <url> <url> bad things <url> <url>,negative,negative,0.9241339564323425,0.92413396,0.062432103,0.013433853
claims app <number> sd but <url> no option to move from phone to sd card. it's a <number> +mb app. htc di <number> . <number>,neutral,neutral,0.5640687346458435,0.3135362,0.56406873,0.12239505
"unnecessary app, please kill it.",negative,negative,0.8879697918891907,0.8879698,0.09642024,0.015610013
my favorite way to communicate,positive,positive,0.6876434087753296,0.060822785,0.2515338,0.6876434
quickly opens up the pdf <url> and very user friendly,positive,positive,0.6983714699745178,0.038826656,0.26280192,0.69837147
force closed after update,neutral,negative,0.7646185755729675,0.7646186,0.18323968,0.05214176
this app is nice for safe <url>,neutral,positive,0.5642825365066528,0.031474557,0.40424293,0.56428254
brings so much important info to my phone in an easy to use format.,positive,positive,0.7087692022323608,0.037674587,0.25355625,0.7087692
very nice and helpful app,positive,positive,0.7662345170974731,0.030785833,0.20297965,0.7662345
don't send fake news,neutral,negative,0.6516531109809875,0.6516531,0.2796592,0.06868769
it asks for login every time i start it and that is very annoying. on my ipad it does not behave that way.,neutral,neutral,0.4730847477912903,0.45923766,0.47308475,0.06767759
update <url> bisa copy comment di picture group <url> info bagaimana cara copy coment nya?,negative,neutral,0.4493069350719452,0.36302912,0.44930694,0.18766394
"good so far on phone, afraid to install on laptop, had a older version that wouldn't go away and had constant ads and pop-ups",positive,neutral,0.7105167508125305,0.16209778,0.71051675,0.12738547
this app is far too big.,negative,neutral,0.5927444100379944,0.2748841,0.5927444,0.13237147
this is a good app,positive,positive,0.6747491359710693,0.029497184,0.29575372,0.67474914
"i'm heard about security concerns related to this browser, can u explain it?",neutral,neutral,0.555042564868927,0.2585622,0.55504256,0.18639526
worst app in world,negative,negative,0.929531455039978,0.92953146,0.058176816,0.012291692
i wish i could make funnies with my friends in them. not just in snapchat. otherwise a very fun app.,positive,positive,0.5611743330955505,0.03522997,0.40359572,0.56117433
its alright but got a long way to go to better repligo. need to be able to skip to chapters and double tap zoom should fit paragraph to screen width,neutral,neutral,0.7017451524734497,0.028435312,0.70174515,0.26981953
just missing an iphone feature.,positive,neutral,0.6121400594711304,0.2568441,0.61214006,0.13101587
not as good as on the blackberry phones doesn't show a red star to let you know you have an unread message unless you open the app,neutral,neutral,0.7235428094863892,0.17867823,0.7235428,0.09777895
excellent with some improvements,positive,positive,0.6620822548866272,0.026207944,0.3117098,0.66208225
add fonts and stuff,positive,positive,0.4802582263946533,0.06511043,0.45463136,0.48025823
please add some more features,positive,neutral,0.5051236748695374,0.04058614,0.5051237,0.45429015
wish you could choose a friends to be part of the emoji,neutral,neutral,0.5403867363929749,0.03815506,0.54038674,0.4214582
this app is useless. if i hit the home button the app plays in the background of my phone without the tree dying. that literally defeats the entire purpose of the app,negative,negative,0.9273052215576172,0.9273052,0.0606068,0.012088031
now i accepted it,positive,neutral,0.41511955857276917,0.25449908,0.41511956,0.33038133
support for password protected documents.,neutral,neutral,0.5564826130867004,0.07719235,0.5564826,0.36632505
discord came out and improved on slack in every way. there is no reason to use this trash anymore.,negative,negative,0.9025927186012268,0.9025927,0.08277596,0.014631368
not anymore waste of time,negative,negative,0.8913891911506653,0.8913892,0.08952935,0.019081447
not able to sign in,negative,negative,0.5634673237800598,0.5634673,0.38168687,0.05484579
edit: i found the lemons and how to kill trees,positive,neutral,0.4950498640537262,0.24466963,0.49504986,0.26028052
always eror <url> this app,negative,positive,0.4675467610359192,0.18602934,0.34642383,0.46754676
has too much space for ads. premium for login. there are more user friendly ways to monetize your app. the concept is ok but poorly executed,negative,neutral,0.7534192800521851,0.10391664,0.7534193,0.14266409
"since using a new update, my htc one x, always not <url>",negative,negative,0.4689834713935852,0.46898347,0.421876,0.10914055
wpupd give more stars if we could use this app on fb messenger,neutral,neutral,0.6054007411003113,0.15337138,0.60540074,0.2412279
"not more reliable as the desktop app, but it is enough to get by",neutral,neutral,0.7161520719528198,0.05698527,0.7161521,0.22686261
does not open all pdf files that you can open with adobe on the pc. uninstalled.,negative,negative,0.9124783873558044,0.9124784,0.07420991,0.013311652
"really bad. zoom removes text, outer viewmode locks scrolling etc etc",negative,negative,0.9079731702804565,0.9079732,0.07752696,0.014499852
i think the app is ment for book worms and book worms like me love it,neutral,positive,0.6717904210090637,0.07275471,0.2554548,0.6717904
chat app or ads app,negative,negative,0.6876134276390076,0.6876134,0.26787853,0.04450804
"good accuracy, clean look and good features.",positive,positive,0.7156129479408264,0.02614597,0.25824106,0.71561295
tree doesn't whether if i leave the app n play game this app sucks,negative,negative,0.7813102602958679,0.78131026,0.19334841,0.025341274
even worse than photoshop,negative,negative,0.5697250962257385,0.5697251,0.350779,0.079495974
begging for bookmark and copy paste option <url>,neutral,negative,0.4829605221748352,0.48296052,0.42487958,0.09215994
forgets where i was when killed by the system,neutral,negative,0.5831065773963928,0.5831066,0.3399072,0.076986276
very good. am no lonnger using infinix <number> am using mi note and it is very difficut for me to update my mi note phone.,neutral,neutral,0.671946108341217,0.17802283,0.6719461,0.15003103
not easy to use,neutral,neutral,0.67412269115448,0.20166981,0.6741227,0.124207504
good app but huge filespace,neutral,neutral,0.5636884570121765,0.032020453,0.56368846,0.4042911
no substitute for this great secure app for mobile communication in real time,positive,neutral,0.6351509094238281,0.13031428,0.6351509,0.23453479
not for bald people,negative,neutral,0.5024133324623108,0.35680634,0.50241333,0.14078027
really useful app. totally enjoyed using it. i had downloaded this without many expectations but the simplicity and perfection that this app delivered totally blew me away. hats off to the developers !! keep up the great work !!,positive,neutral,0.436161071062088,0.13950585,0.43616107,0.42433313
"it's a good app overall, but the hourly forecast is totally unreliable. if the amatuers at weather underground can get it right <number> % of the time, why is weatherbug wrong <number> % of the time? c'mon folks, it's obviously do-able, so please try putting in the effort to get it right in the future (or at least check out the weather underground site and copy their work).",neutral,neutral,0.6325663328170776,0.033740126,0.63256633,0.33369347
so so. like other apps in the play store. nothing special.,neutral,neutral,0.6254306435585022,0.20818797,0.62543064,0.16638134
the standard tool for exchanging documents online,positive,positive,0.5743361711502075,0.0600639,0.3655999,0.5743362
please fix some bug n i will give u <number> star,neutral,neutral,0.5720168948173523,0.1558699,0.5720169,0.27211317
great app over all,positive,positive,0.7276428937911987,0.057442483,0.21491459,0.7276429
the app is interactive and has all the required functions.,positive,positive,0.6074973940849304,0.044225883,0.3482767,0.6074974
it's ok but the follow me is crap,neutral,neutral,0.7701773047447205,0.040744435,0.7701773,0.18907818
update every <number> minutes,neutral,neutral,0.4667835831642151,0.3379025,0.46678358,0.19531396
"i have installed and uninstalled repeated this several times, all it wants to do is update continuously. i can't use it at all.",negative,negative,0.8482373952865601,0.8482374,0.13273115,0.019031487
used battery most show identity,negative,neutral,0.5451200008392334,0.25347003,0.54512,0.20140998
should have more filtering options. should stop nagging for a review when you've already posted one.,neutral,neutral,0.7383842468261719,0.07189842,0.73838425,0.18971731
"after reservation want to add rooms but app just crash, keep loading",negative,negative,0.48879215121269226,0.48879215,0.43835747,0.07285041
lost in the translation,negative,negative,0.613349974155426,0.61335,0.30467454,0.08197553
new version is much slower than the last. loading messages and channels feels sluggish and tedious.,negative,neutral,0.5845724940299988,0.34321648,0.5845725,0.072211035
where did the precipitation amounts go?,negative,neutral,0.5217248797416687,0.32896242,0.5217249,0.14931269
"it's nice, but it would be great there'd be some piercings",positive,neutral,0.5329770445823669,0.022223255,0.53297704,0.44479975
it's a good app,positive,positive,0.6526108980178833,0.02290566,0.32448342,0.6526109
good but could be better,positive,neutral,0.7152131795883179,0.040420607,0.7152132,0.24436623
last update hosed app,negative,negative,0.8478232026100159,0.8478232,0.1263058,0.025871014
"it keeps crashing. i like yet very annoying to keep <url> , weather stopped working.",neutral,neutral,0.509224534034729,0.3646725,0.50922453,0.12610294
the app would be better if you let us use calculator and <url> bcoz sometimes while studying you have to google something <url> just a suggestion.,neutral,neutral,0.6549237370491028,0.054825507,0.65492374,0.29025072
"i love the amount of data and the warnings. however in the last <number> months the application has failed to work often at least once a day. if this issue could be solved, i would give the app <number> stars.",neutral,positive,0.5925571918487549,0.05406729,0.35337555,0.5925572
you just need to add box braids as a hairstyle,positive,neutral,0.4808959662914276,0.059119817,0.48089597,0.45998418
its nice to receive anything,positive,positive,0.5938987731933594,0.022875993,0.38322526,0.5938988
this app is awful,negative,negative,0.9239330291748047,0.923933,0.064036764,0.0120301815
"bummer! now i am a former usser!!!! no-ads weatherbug, where are you? hello?",negative,negative,0.8334912657737732,0.83349127,0.14257926,0.02392945
good for an <url>,neutral,neutral,0.6108648180961609,0.041881315,0.6108648,0.34725386
this is very bad,neutral,negative,0.9163646101951599,0.9163646,0.06964463,0.013990746
doesnt work on the gs <number>,negative,negative,0.8847557306289673,0.88475573,0.09923755,0.016006751
too much ads not good for kids,neutral,neutral,0.683647632598877,0.1943138,0.68364763,0.122038536
not working properly in android above <number> . <number>,positive,negative,0.7492511868476868,0.7492512,0.21856125,0.03218759
slow sometimes especially during video and audio calls. the app just hangs and stops working.,positive,neutral,0.6352835893630981,0.26831198,0.6352836,0.09640441
if i could alter the apps appearance to allow for inverted colour schemes i would give it <number> stars other than that this is a brilliant app.,positive,positive,0.6683221459388733,0.044128638,0.2875492,0.66832215
one of the <signature>,neutral,positive,0.665657103061676,0.057120916,0.27722195,0.6656571
"it's not working for me, i'm using samsung tab <number> mini, it's asking for confirmation of date of birth",negative,negative,0.7486982345581055,0.74869823,0.22507755,0.026224231
"i can use other app meanwhile timer is running , so no use waste app",negative,negative,0.5832394957542419,0.5832395,0.35484388,0.061916586
app is up to date and easy to read.,positive,positive,0.6503008604049683,0.032187536,0.31751165,0.65030086
"do not waste your time. if u think u can save the earth but no, you have to buy premium first to plant trees. absolute a waste timer",negative,negative,0.9075997471809387,0.90759975,0.07912497,0.0132751865
sluggish compared to other pdf readers but renders well.,neutral,neutral,0.6908562183380127,0.057564378,0.6908562,0.25157946
"i don't need this, but i'm sure someone will need it.",positive,neutral,0.6424852013587952,0.10475251,0.6424852,0.25276226
"really fast, good and probably the <signature>",positive,positive,0.6351622343063354,0.02833512,0.33650267,0.63516223
"my team, tired of waiting for a department driven initiative for collaboration tools, decided to start using this for ourselves. it's been a great experience so far - quicker responses, easy file sharing, organising social outings and reaching out to the whole team at once etc. the <signature>",positive,positive,0.6943117380142212,0.05213517,0.2535531,0.69431174
bad uploaded pic display,negative,negative,0.8793925046920776,0.8793925,0.102409646,0.018197877
i like this app is very useful,neutral,positive,0.743545651435852,0.02785839,0.22859591,0.74354565
"i was not able to open the app even after reinstalling it twice so instead i installed ""flip flop"" app which is also a similar app",negative,neutral,0.4694848656654358,0.4352427,0.46948487,0.09527242
what's with all the new permissions?,negative,neutral,0.4579002559185028,0.40819737,0.45790026,0.13390231
the new automatic markdown feature sucks!!! and you cannot turn it off,negative,negative,0.8758458495140076,0.87584585,0.10651363,0.017640498
now it use very long time for export photo.,negative,positive,0.5098461508750916,0.08495568,0.4051982,0.50984615
can't import pictures,negative,neutral,0.46256035566329956,0.44793302,0.46256036,0.0895067
i love it but for some reason it doesn't work well on my samsung. if it worked better with my phone a higher rating,neutral,neutral,0.5726176500320435,0.07694902,0.57261765,0.35043332
did more things to say and more holiday,neutral,neutral,0.4096077084541321,0.19569165,0.4096077,0.39470068
can not open edited images on my galaxy note <number>,negative,negative,0.46876972913742065,0.46876973,0.46553212,0.06569816
the confirmation details is not shown on <number> rd party screen. not useful if i have to inform <number> rd party of the confirmation details.,neutral,neutral,0.6930696964263916,0.20972402,0.6930697,0.0972063
never sends the correct emoji.,negative,negative,0.49479973316192627,0.49479973,0.43147928,0.07372105
please add save image setting,positive,neutral,0.6115303635597229,0.11825417,0.61153036,0.27021542
i cant run the app after new update!!!,neutral,negative,0.8162084221839905,0.8162084,0.16307867,0.020712936
ads thats the only thing spoiling this <url> bcz ads are source of income <url> lose this app the source ur getting ads,negative,negative,0.7958647608757019,0.79586476,0.17637965,0.027755667
i have had this app for a while and it works really well,negative,positive,0.7011343240737915,0.03537762,0.26348808,0.7011343
mostly good except- sucks too much background data and not freindly to my battery . should shut itself down.,neutral,neutral,0.7214492559432983,0.050371703,0.72144926,0.22817905
"fairly accurate, wish the radar would update a little quicker",positive,positive,0.5488532781600952,0.024481876,0.42666486,0.5488533
what's up with it?,negative,negative,0.511370837688446,0.51137084,0.41739562,0.07123353
up browser is <signature>,positive,neutral,0.4887079894542694,0.15172201,0.488708,0.35957003
nice app but i can't highlight my text i pressed that longer but it couldn't work please check this out,positive,neutral,0.7002391815185547,0.13011284,0.7002392,0.16964798
love it but the radar needs future time,positive,neutral,0.5515795946121216,0.06765779,0.5515796,0.38076264
itss ok but not good at <url>,neutral,neutral,0.8216083645820618,0.056210022,0.82160836,0.12218167
animation does not work. really disappointed. use everyday for work. moving on to the weather channel app. never fails.,negative,negative,0.8940000534057617,0.89400005,0.09144543,0.014554453
"maybe if the app followed material design guidelines, i would have rated it <number> stars. the controls are based on ios, so it's not easy to find your way, but overall it's a good photo app.",positive,neutral,0.6085250377655029,0.039040055,0.60852504,0.35243487
new layout v <number>,positive,neutral,0.47246599197387695,0.26410282,0.472466,0.26343125
it does not install,positive,negative,0.843435525894165,0.8434355,0.13492283,0.02164164
"its amazing app, but unfortunately after the new updation the app forced to close when importing a new photo. so please fix that bug immediately",positive,neutral,0.5884787440299988,0.058272645,0.58847874,0.35324857
try hotel tonight - $ <number> free,neutral,neutral,0.4472755789756775,0.41839555,0.44727558,0.13432884
"it's like <number> stars for the app, <number> star for new booking assistant. god damn it, how the hell can i just answer the message i got from a property???!!! why do i need to see <number> questions of an assistant instead, that i can not delete and that just mess up all the dialog! hate it. really hate this feature! do like everything else though.",positive,negative,0.8559808731079102,0.8559809,0.122844055,0.021175083
been a good weather app for me! thumbs up!,positive,positive,0.5538296699523926,0.0807185,0.36545178,0.55382967
i guess it's <url>,positive,neutral,0.5902171730995178,0.11791354,0.5902172,0.29186928
loved it before update,neutral,neutral,0.4061514437198639,0.3795762,0.40615144,0.2142723
it is good news app but some improvement required in spelling and language.,positive,positive,0.5337168574333191,0.023143826,0.4431393,0.53371686
"as a frequent user , you should have few options as reward the client should choose between",positive,neutral,0.5459336042404175,0.06595396,0.5459336,0.38811246
no bookmark or jump to <url> really annoying,negative,negative,0.47441989183425903,0.4744199,0.45515332,0.0704268
app is <url> service sucks,neutral,negative,0.47498422861099243,0.47498423,0.4045258,0.12049
i can't use web mobile in <url>,negative,negative,0.530381977558136,0.530382,0.41278002,0.056837976
the new button is super poopy.,negative,neutral,0.4918345510959625,0.12854397,0.49183455,0.3796215
"i love it, but desperately needs to save last <url> and place within that <url> a bookmarking function!",neutral,positive,0.505527913570404,0.09025181,0.40422028,0.5055279
"simple to use,in a straight forward easy to understand format. <signature>",positive,positive,0.6736076474189758,0.031447213,0.2949451,0.67360765
i saw no last minute rates as promised on the description.,negative,neutral,0.5369644165039062,0.3317735,0.5369644,0.13126211
if you browse like i do this is a must have. i rated it <number> stars before but now it is becoming a mess. you are killing its reputation with ads. i must wait for few seconds advert to finish before browsing.,neutral,negative,0.8508756756782532,0.8508757,0.12895311,0.02017123
the drawer is old,negative,negative,0.5213220119476318,0.521322,0.39702412,0.08165386
what a great messanger. you make us who separated a kilometers away can gather in one place. keep <url>,positive,neutral,0.45512330532073975,0.39123568,0.4551233,0.15364105
add text option please,neutral,neutral,0.5682974457740784,0.057887863,0.56829745,0.37381467
new logo looks like swastika maybe next time dev team will worked on app ram usage?,negative,neutral,0.5650526285171509,0.22522888,0.5650526,0.20971848
don't use. can't uninstall on tablet,neutral,negative,0.8696691989898682,0.8696692,0.11382206,0.016508764
fast but doesn't allow you to jump to pages no good for big ebooks,neutral,neutral,0.7231762409210205,0.14977537,0.72317624,0.12704842
how can i make a video call??,positive,neutral,0.5847485661506653,0.19416596,0.58474857,0.22108549
easy to use and useful,positive,positive,0.7333571314811707,0.025303109,0.24133973,0.73335713
"i saw this app on engadget and was excited to try it. however, the hdr mode does not work on my phone. i have a samsung galaxy s <number> edge. it is listed as one of the phones that works but the option for hdr is not available on the drop-down menu.",neutral,neutral,0.5814923048019409,0.28561765,0.5814923,0.13289009
i was able to update and view my bookings very easily. very convenient.,positive,positive,0.6828925013542175,0.03082438,0.2862831,0.6828925
"it lost all my progress! i had the cat tree, octopus, etc",negative,negative,0.8518945574760437,0.85189456,0.123741865,0.024363678
best crashes ever!!!! worthless,negative,negative,0.9189578294754028,0.9189578,0.06789025,0.013151936
radar map never loads first try.,neutral,negative,0.4814760088920593,0.481476,0.42612383,0.09240021
"simple to the massage, i like bbm,cause i can see when the massage have delivered n read .",positive,positive,0.6226714253425598,0.034423977,0.34290466,0.6226714
its <url> make something <url>,neutral,neutral,0.5297120809555054,0.17731403,0.5297121,0.29297397
this is my favorite weather app to use. i've used it since i was a teenager. the only problem i have is that the hourly forecast is almost never right which is very inconvenient for me considering i work outside. on the bright side you can look at the radar and pretty much tell what what is gonna hit you.,neutral,positive,0.5534918308258057,0.051968154,0.39454,0.55349183
cant connect to facebook,neutral,negative,0.6211436986923218,0.6211437,0.33775216,0.04110414
"i like it and think it's super cute and fun, but i wish it had more such as maybe tattoos or piercings and i wish you could create outfits instead of picking an outfit",positive,positive,0.5901263356208801,0.022414824,0.38745886,0.59012634
good for quick edits on the move,positive,positive,0.5076360702514648,0.028642433,0.46372148,0.5076361
why the almost daily updates?,neutral,neutral,0.6141666769981384,0.18674904,0.6141667,0.19908427
terrible. i don't need creative cloud!,negative,negative,0.9234030842781067,0.9234031,0.06252601,0.014070999
sign up form doesn't work and this app doesnt work without an adobe account so it was just a waste of time.,negative,negative,0.9186683893203735,0.9186684,0.069119126,0.012212536
love it but a problem?,positive,neutral,0.5022862553596497,0.06087193,0.50228626,0.43684188
does what supposed to an as far as forcast go seems good,positive,neutral,0.5834935307502747,0.055471987,0.58349353,0.3610345
i can't import alot of my photos!,neutral,negative,0.5074560046195984,0.507456,0.41355368,0.078990266
horrible pdf reader. there are much better alternatives.,negative,negative,0.9100586771965027,0.9100587,0.07605091,0.013890448
"it's great that it can read my truck's <number> , <number> page service manual right here on my phone; but i can't find anything if there is no search feature!!",neutral,neutral,0.6085805892944336,0.058278296,0.6085806,0.33314103
it does logout of account after closing,positive,neutral,0.4744478464126587,0.4162292,0.47444785,0.10932303
"love it. would be great if you could include options to dodge and burn images, too.",positive,positive,0.705910325050354,0.035134282,0.2589554,0.7059103
i don't like that i can't attach to a text in gboard. i have to go through bitmoji to send in a text. it is easier to send in iphone and i can't do friendmojis,positive,neutral,0.6673078536987305,0.21251974,0.66730785,0.12017243
"does not work on the captivate at <url> very disapointed, it just says it has failed to read found files.",negative,negative,0.8871683478355408,0.88716835,0.09866328,0.014168367
it's an useful app,positive,positive,0.7243125438690186,0.025010118,0.25067735,0.72431254
is the white house in charge of it?,negative,neutral,0.43273550271987915,0.39516702,0.4327355,0.17209753
weather automation doesn't work anymore so it's stupid,negative,negative,0.886829137802124,0.88682914,0.098862365,0.01430852
some times its just boarding,neutral,neutral,0.6306723356246948,0.13722695,0.63067234,0.23210074
i deplore pdfs of all kinds. <url> the only thing that can read a pdf. but this app does <url> it still sux,negative,neutral,0.5523205399513245,0.2943568,0.55232054,0.1533226
installs another app without warning,negative,negative,0.7906719446182251,0.79067194,0.17955545,0.029772535
it's your app so you get to choose your logo. but this new one confusing my son that slack is a game and he is complaining i keep playing this game all the time but have no shame in denying his rights to play games eternally. ps: unable to view old items unless we pay is gross.,neutral,neutral,0.47172316908836365,0.44050688,0.47172317,0.087769896
"other parties doin better ""reader n even writer"" than adobe!",negative,neutral,0.6119574904441833,0.1318691,0.6119575,0.25617337
takes too much time to load sometimes,positive,neutral,0.6867824196815491,0.13447489,0.6867824,0.17874269
it is an interesting app that uses a lot of memory. but great communication tool,neutral,positive,0.6032711863517761,0.026866227,0.3698626,0.6032712
it's amazing and faster then other <url>,neutral,positive,0.6529099345207214,0.03915116,0.30793887,0.65290993
best weather app out there until it stopped working. won't load anything now. please <url>,negative,neutral,0.6633867621421814,0.15873313,0.66338676,0.17788006
will be much better if it has read out <url>,positive,neutral,0.6826909780502319,0.06618459,0.682691,0.2511244
good overall but seems to have an issue of being unavailable or offline when other weather apps are working just fine providing the same info. <url> radar,positive,neutral,0.6537693738937378,0.040401164,0.6537694,0.30582947
does the camera support long exposure?,positive,neutral,0.6874659061431885,0.09808915,0.6874659,0.21444497
i enjoy using it. i just have to play with it more to get more experience,positive,positive,0.6940545439720154,0.032117724,0.27382773,0.69405454
it helps me a lot,positive,positive,0.6733940243721008,0.030988324,0.29561764,0.673394
not bad at all. great improvement.,positive,positive,0.6529898643493652,0.046588782,0.3004214,0.65298986
plenty of unnessary ads,negative,negative,0.4744094908237457,0.4744095,0.44613597,0.07945456
the news feed so annoying please avoid this type of <url> or add a button for stop news <url>,negative,neutral,0.627506673336029,0.24561118,0.6275067,0.12688218
can be a bit complicated and in your face but it does a good job and is well supported by venues.,positive,positive,0.515315055847168,0.033475574,0.4512093,0.51531506
i liked it. no reply on mobile though.,positive,neutral,0.5940570831298828,0.1648221,0.5940571,0.24112079
"works perfectly with snapchat, i hope soon it has more goth/alternative outfits and options for piercings and ear spacers. love the new hair options!",positive,positive,0.7515416145324707,0.034868997,0.21358947,0.7515416
"it used to be a <number> star app but not every time i try to open it it crashes, please fix this asap",negative,negative,0.5302887558937073,0.53028876,0.392105,0.07760619
where's the support?,negative,neutral,0.5455533862113953,0.1971264,0.5455534,0.25732023
i think nice but mobile hang krta h,neutral,neutral,0.6439129710197449,0.045064304,0.643913,0.31102276
please add fonts in this app to write . <signature>,neutral,neutral,0.5012714862823486,0.09839934,0.5012715,0.4003291
"worked once, then has never worked again.",negative,negative,0.8208605051040649,0.8208605,0.15209305,0.027046502
fix the radar! what is taking so long? i'm very close to deleting this app for good. i doubt i'm alone!,negative,negative,0.7290695309638977,0.72906953,0.23291789,0.038012516
it is good aap for searching and downloading <url>,positive,positive,0.5362505316734314,0.028419863,0.4353296,0.53625053
while controlling shutter speed whole app is getting freezed.,neutral,neutral,0.47165921330451965,0.43577248,0.4716592,0.092568345
"no full language support. what a shame, adobe.",negative,negative,0.9084471464157104,0.90844715,0.0781946,0.013358223
it's nice <url>,neutral,positive,0.5783002972602844,0.022920363,0.3987794,0.5783003
"this app is not at all what i had expected. it is very hard to use. at the beggining, you get small info about one fature of the app. once you start to use it, the purpose just gets confusing, how does the tree grow? is the time a stopclock, a timer, im so confused! please improve this app to be more user friendly!",negative,negative,0.4954211115837097,0.4954211,0.44423178,0.06034709
lost status bar info,neutral,negative,0.6385738253593445,0.6385738,0.28778017,0.073646046
it was fine before i was forced to update.,neutral,neutral,0.5615763068199158,0.33779615,0.5615763,0.10062751
